timestamp,resource,metric_name,value,unit,alarm_name,alarm_state
15/07/2026 12:00,MediCore-Web-VM-01,CPUUtilization,28.48,Percent,,OK
15/07/2026 12:00,MediCore-Web-VM-01,NetworkIn,3836092,Bytes,,OK
15/07/2026 12:00,MediCore-Web-VM-01,NetworkOut,2882931,Bytes,,OK
15/07/2026 12:00,MediCore-Web-VM-01,FailedSSHAttempts,0,Count,,OK
15/07/2026 12:00,medicore-db,CPUUtilization,17.59,Percent,,OK
15/07/2026 13:00,MediCore-Web-VM-01,CPUUtilization,21.06,Percent,,OK
15/07/2026 13:00,MediCore-Web-VM-01,NetworkIn,4169373,Bytes,,OK
15/07/2026 13:00,MediCore-Web-VM-01,NetworkOut,2043359,Bytes,,OK
15/07/2026 13:00,MediCore-Web-VM-01,FailedSSHAttempts,0,Count,,OK
15/07/2026 13:00,medicore-db,CPUUtilization,19.63,Percent,,OK
15/07/2026 14:00,MediCore-Web-VM-01,CPUUtilization,16.46,Percent,,OK
15/07/2026 14:00,MediCore-Web-VM-01,NetworkIn,4047269,Bytes,,OK
15/07/2026 14:00,MediCore-Web-VM-01,NetworkOut,2287625,Bytes,,OK
15/07/2026 14:00,MediCore-Web-VM-01,FailedSSHAttempts,0,Count,,OK
15/07/2026 14:00,medicore-db,CPUUtilization,13.76,Percent,,OK
15/07/2026 15:00,MediCore-Web-VM-01,CPUUtilization,15.93,Percent,,OK
15/07/2026 15:00,MediCore-Web-VM-01,NetworkIn,27448998,Bytes,High-NetworkIn-WebVM,ALARM
15/07/2026 15:00,MediCore-Web-VM-01,NetworkOut,2471144,Bytes,,OK
15/07/2026 15:00,MediCore-Web-VM-01,FailedSSHAttempts,0,Count,,OK
15/07/2026 15:00,medicore-db,CPUUtilization,17.12,Percent,,OK
15/07/2026 16:00,MediCore-Web-VM-01,CPUUtilization,31.23,Percent,,OK
15/07/2026 16:00,MediCore-Web-VM-01,NetworkIn,4153046,Bytes,,OK
15/07/2026 16:00,MediCore-Web-VM-01,NetworkOut,3440880,Bytes,,OK
15/07/2026 16:00,MediCore-Web-VM-01,FailedSSHAttempts,0,Count,,OK
15/07/2026 16:00,medicore-db,CPUUtilization,21.58,Percent,,OK
15/07/2026 17:00,MediCore-Web-VM-01,CPUUtilization,11.3,Percent,,OK
15/07/2026 17:00,MediCore-Web-VM-01,NetworkIn,3057325,Bytes,,OK
15/07/2026 17:00,MediCore-Web-VM-01,NetworkOut,2559704,Bytes,,OK
15/07/2026 17:00,MediCore-Web-VM-01,FailedSSHAttempts,0,Count,,OK
15/07/2026 17:00,medicore-db,CPUUtilization,13.25,Percent,,OK
15/07/2026 18:00,MediCore-Web-VM-01,CPUUtilization,18.91,Percent,,OK
15/07/2026 18:00,MediCore-Web-VM-01,NetworkIn,3854983,Bytes,,OK
15/07/2026 18:00,MediCore-Web-VM-01,NetworkOut,2688261,Bytes,,OK
15/07/2026 18:00,MediCore-Web-VM-01,FailedSSHAttempts,0,Count,,OK
15/07/2026 18:00,medicore-db,CPUUtilization,20.66,Percent,,OK
15/07/2026 19:00,MediCore-Web-VM-01,CPUUtilization,1.45,Percent,,OK
15/07/2026 19:00,MediCore-Web-VM-01,NetworkIn,1784356,Bytes,,OK
15/07/2026 19:00,MediCore-Web-VM-01,NetworkOut,1048280,Bytes,,OK
15/07/2026 19:00,MediCore-Web-VM-01,FailedSSHAttempts,1,Count,,OK
15/07/2026 19:00,medicore-db,CPUUtilization,6.77,Percent,,OK
15/07/2026 20:00,MediCore-Web-VM-01,CPUUtilization,3.16,Percent,,OK
15/07/2026 20:00,MediCore-Web-VM-01,NetworkIn,1260932,Bytes,,OK
15/07/2026 20:00,MediCore-Web-VM-01,NetworkOut,750496,Bytes,,OK
15/07/2026 20:00,MediCore-Web-VM-01,FailedSSHAttempts,1,Count,,OK
15/07/2026 20:00,medicore-db,CPUUtilization,12.69,Percent,,OK
15/07/2026 21:00,MediCore-Web-VM-01,CPUUtilization,1,Percent,,OK
15/07/2026 21:00,MediCore-Web-VM-01,NetworkIn,1551013,Bytes,,OK
15/07/2026 21:00,MediCore-Web-VM-01,NetworkOut,1479093,Bytes,,OK
15/07/2026 21:00,MediCore-Web-VM-01,FailedSSHAttempts,0,Count,,OK
15/07/2026 21:00,medicore-db,CPUUtilization,10.23,Percent,,OK
15/07/2026 22:00,MediCore-Web-VM-01,CPUUtilization,13.86,Percent,,OK
15/07/2026 22:00,MediCore-Web-VM-01,NetworkIn,1020358,Bytes,,OK
15/07/2026 22:00,MediCore-Web-VM-01,NetworkOut,716087,Bytes,,OK
15/07/2026 22:00,MediCore-Web-VM-01,FailedSSHAttempts,1,Count,,OK
15/07/2026 22:00,medicore-db,CPUUtilization,8.53,Percent,,OK
15/07/2026 23:00,MediCore-Web-VM-01,CPUUtilization,2.33,Percent,,OK
15/07/2026 23:00,MediCore-Web-VM-01,NetworkIn,1087100,Bytes,,OK
15/07/2026 23:00,MediCore-Web-VM-01,NetworkOut,1102025,Bytes,,OK
15/07/2026 23:00,MediCore-Web-VM-01,FailedSSHAttempts,3,Count,Failed-SSH-Attempts,ALARM
15/07/2026 23:00,medicore-db,CPUUtilization,6.74,Percent,,OK
16/07/2026 00:00,MediCore-Web-VM-01,CPUUtilization,6.64,Percent,,OK
16/07/2026 00:00,MediCore-Web-VM-01,NetworkIn,738572,Bytes,,OK
16/07/2026 00:00,MediCore-Web-VM-01,NetworkOut,901968,Bytes,,OK
16/07/2026 00:00,MediCore-Web-VM-01,FailedSSHAttempts,0,Count,,OK
16/07/2026 00:00,medicore-db,CPUUtilization,5.02,Percent,,OK
16/07/2026 01:00,MediCore-Web-VM-01,CPUUtilization,16.29,Percent,,OK
16/07/2026 01:00,MediCore-Web-VM-01,NetworkIn,657264,Bytes,,OK
16/07/2026 01:00,MediCore-Web-VM-01,NetworkOut,1286570,Bytes,,OK
16/07/2026 01:00,MediCore-Web-VM-01,FailedSSHAttempts,2,Count,,OK
16/07/2026 01:00,medicore-db,CPUUtilization,7.98,Percent,,OK
16/07/2026 02:00,MediCore-Web-VM-01,CPUUtilization,14.53,Percent,,OK
16/07/2026 02:00,MediCore-Web-VM-01,NetworkIn,19100205,Bytes,High-NetworkIn-WebVM,ALARM
16/07/2026 02:00,MediCore-Web-VM-01,NetworkOut,1336794,Bytes,,OK
16/07/2026 02:00,MediCore-Web-VM-01,FailedSSHAttempts,1,Count,,OK
16/07/2026 02:00,medicore-db,CPUUtilization,10.77,Percent,,OK
16/07/2026 03:00,MediCore-Web-VM-01,CPUUtilization,22.17,Percent,,OK
16/07/2026 03:00,MediCore-Web-VM-01,NetworkIn,950278,Bytes,,OK
16/07/2026 03:00,MediCore-Web-VM-01,NetworkOut,1178060,Bytes,,OK
16/07/2026 03:00,MediCore-Web-VM-01,FailedSSHAttempts,2,Count,,OK
16/07/2026 03:00,medicore-db,CPUUtilization,7.52,Percent,,OK
16/07/2026 04:00,MediCore-Web-VM-01,CPUUtilization,13.46,Percent,,OK
16/07/2026 04:00,MediCore-Web-VM-01,NetworkIn,1632348,Bytes,,OK
16/07/2026 04:00,MediCore-Web-VM-01,NetworkOut,1508535,Bytes,,OK
16/07/2026 04:00,MediCore-Web-VM-01,FailedSSHAttempts,2,Count,,OK
16/07/2026 04:00,medicore-db,CPUUtilization,11.57,Percent,,OK
16/07/2026 05:00,MediCore-Web-VM-01,CPUUtilization,22.53,Percent,,OK
16/07/2026 05:00,MediCore-Web-VM-01,NetworkIn,1714150,Bytes,,OK
16/07/2026 05:00,MediCore-Web-VM-01,NetworkOut,422751,Bytes,,OK
16/07/2026 05:00,MediCore-Web-VM-01,FailedSSHAttempts,3,Count,Failed-SSH-Attempts,ALARM
16/07/2026 05:00,medicore-db,CPUUtilization,4.35,Percent,,OK
16/07/2026 06:00,MediCore-Web-VM-01,CPUUtilization,20.77,Percent,,OK
16/07/2026 06:00,MediCore-Web-VM-01,NetworkIn,1146028,Bytes,,OK
16/07/2026 06:00,MediCore-Web-VM-01,NetworkOut,1070575,Bytes,,OK
16/07/2026 06:00,MediCore-Web-VM-01,FailedSSHAttempts,2,Count,,OK
16/07/2026 06:00,medicore-db,CPUUtilization,5.74,Percent,,OK
16/07/2026 07:00,MediCore-Web-VM-01,CPUUtilization,24.79,Percent,,OK
16/07/2026 07:00,MediCore-Web-VM-01,NetworkIn,450375,Bytes,,OK
16/07/2026 07:00,MediCore-Web-VM-01,NetworkOut,1141236,Bytes,,OK
16/07/2026 07:00,MediCore-Web-VM-01,FailedSSHAttempts,13,Count,Failed-SSH-Attempts,ALARM
16/07/2026 07:00,medicore-db,CPUUtilization,5.43,Percent,,OK
16/07/2026 08:00,MediCore-Web-VM-01,CPUUtilization,37.69,Percent,,OK
16/07/2026 08:00,MediCore-Web-VM-01,NetworkIn,3847780,Bytes,,OK
16/07/2026 08:00,MediCore-Web-VM-01,NetworkOut,2762371,Bytes,,OK
16/07/2026 08:00,MediCore-Web-VM-01,FailedSSHAttempts,0,Count,,OK
16/07/2026 08:00,medicore-db,CPUUtilization,12.17,Percent,,OK
16/07/2026 09:00,MediCore-Web-VM-01,CPUUtilization,38.55,Percent,,OK
16/07/2026 09:00,MediCore-Web-VM-01,NetworkIn,4444578,Bytes,,OK
16/07/2026 09:00,MediCore-Web-VM-01,NetworkOut,2459899,Bytes,,OK
16/07/2026 09:00,MediCore-Web-VM-01,FailedSSHAttempts,0,Count,,OK
16/07/2026 09:00,medicore-db,CPUUtilization,16.99,Percent,,OK
16/07/2026 10:00,MediCore-Web-VM-01,CPUUtilization,33.25,Percent,,OK
16/07/2026 10:00,MediCore-Web-VM-01,NetworkIn,4459758,Bytes,,OK
16/07/2026 10:00,MediCore-Web-VM-01,NetworkOut,13560993,Bytes,High-NetworkOut-WebVM,ALARM
16/07/2026 10:00,MediCore-Web-VM-01,FailedSSHAttempts,0,Count,,OK
16/07/2026 10:00,medicore-db,CPUUtilization,23.34,Percent,,OK
16/07/2026 11:00,MediCore-Web-VM-01,CPUUtilization,25.81,Percent,,OK
16/07/2026 11:00,MediCore-Web-VM-01,NetworkIn,2907610,Bytes,,OK
16/07/2026 11:00,MediCore-Web-VM-01,NetworkOut,4000174,Bytes,,OK
16/07/2026 11:00,MediCore-Web-VM-01,FailedSSHAttempts,0,Count,,OK
16/07/2026 11:00,medicore-db,CPUUtilization,17.62,Percent,,OK
16/07/2026 12:00,MediCore-Web-VM-01,CPUUtilization,26.75,Percent,,OK
16/07/2026 12:00,MediCore-Web-VM-01,NetworkIn,4248093,Bytes,,OK
16/07/2026 12:00,MediCore-Web-VM-01,NetworkOut,2059843,Bytes,,OK
16/07/2026 12:00,MediCore-Web-VM-01,FailedSSHAttempts,0,Count,,OK
16/07/2026 12:00,medicore-db,CPUUtilization,18.42,Percent,,OK
16/07/2026 13:00,MediCore-Web-VM-01,CPUUtilization,29.46,Percent,,OK
16/07/2026 13:00,MediCore-Web-VM-01,NetworkIn,3464143,Bytes,,OK
16/07/2026 13:00,MediCore-Web-VM-01,NetworkOut,3211156,Bytes,,OK
16/07/2026 13:00,MediCore-Web-VM-01,FailedSSHAttempts,0,Count,,OK
16/07/2026 13:00,medicore-db,CPUUtilization,17.55,Percent,,OK
16/07/2026 14:00,MediCore-Web-VM-01,CPUUtilization,14.46,Percent,,OK
16/07/2026 14:00,MediCore-Web-VM-01,NetworkIn,5246903,Bytes,,OK
16/07/2026 14:00,MediCore-Web-VM-01,NetworkOut,2661292,Bytes,,OK
16/07/2026 14:00,MediCore-Web-VM-01,FailedSSHAttempts,0,Count,,OK
16/07/2026 14:00,medicore-db,CPUUtilization,12.03,Percent,,OK
16/07/2026 15:00,MediCore-Web-VM-01,CPUUtilization,19.85,Percent,,OK
16/07/2026 15:00,MediCore-Web-VM-01,NetworkIn,5158823,Bytes,,OK
16/07/2026 15:00,MediCore-Web-VM-01,NetworkOut,2768537,Bytes,,OK
16/07/2026 15:00,MediCore-Web-VM-01,FailedSSHAttempts,0,Count,,OK
16/07/2026 15:00,medicore-db,CPUUtilization,19.73,Percent,,OK
16/07/2026 16:00,MediCore-Web-VM-01,CPUUtilization,13.94,Percent,,OK
16/07/2026 16:00,MediCore-Web-VM-01,NetworkIn,3615522,Bytes,,OK
16/07/2026 16:00,MediCore-Web-VM-01,NetworkOut,3548398,Bytes,,OK
16/07/2026 16:00,MediCore-Web-VM-01,FailedSSHAttempts,0,Count,,OK
16/07/2026 16:00,medicore-db,CPUUtilization,17.21,Percent,,OK
16/07/2026 17:00,MediCore-Web-VM-01,CPUUtilization,58.39,Percent,,OK
16/07/2026 17:00,MediCore-Web-VM-01,NetworkIn,5353479,Bytes,,OK
16/07/2026 17:00,MediCore-Web-VM-01,NetworkOut,3206937,Bytes,,OK
16/07/2026 17:00,MediCore-Web-VM-01,FailedSSHAttempts,2,Count,,OK
16/07/2026 17:00,medicore-db,CPUUtilization,19.57,Percent,,OK
16/07/2026 18:00,MediCore-Web-VM-01,CPUUtilization,19.75,Percent,,OK
16/07/2026 18:00,MediCore-Web-VM-01,NetworkIn,4312402,Bytes,,OK
16/07/2026 18:00,MediCore-Web-VM-01,NetworkOut,3568121,Bytes,,OK
16/07/2026 18:00,MediCore-Web-VM-01,FailedSSHAttempts,0,Count,,OK
16/07/2026 18:00,medicore-db,CPUUtilization,23.43,Percent,,OK
16/07/2026 19:00,MediCore-Web-VM-01,CPUUtilization,1,Percent,,OK
16/07/2026 19:00,MediCore-Web-VM-01,NetworkIn,2061147,Bytes,,OK
16/07/2026 19:00,MediCore-Web-VM-01,NetworkOut,254387,Bytes,,OK
16/07/2026 19:00,MediCore-Web-VM-01,FailedSSHAttempts,0,Count,,OK
16/07/2026 19:00,medicore-db,CPUUtilization,4.2,Percent,,OK
16/07/2026 20:00,MediCore-Web-VM-01,CPUUtilization,13.1,Percent,,OK
16/07/2026 20:00,MediCore-Web-VM-01,NetworkIn,1136944,Bytes,,OK
16/07/2026 20:00,MediCore-Web-VM-01,NetworkOut,647059,Bytes,,OK
16/07/2026 20:00,MediCore-Web-VM-01,FailedSSHAttempts,0,Count,,OK
16/07/2026 20:00,medicore-db,CPUUtilization,7.88,Percent,,OK
16/07/2026 21:00,MediCore-Web-VM-01,CPUUtilization,12.98,Percent,,OK
16/07/2026 21:00,MediCore-Web-VM-01,NetworkIn,1930572,Bytes,,OK
16/07/2026 21:00,MediCore-Web-VM-01,NetworkOut,1014489,Bytes,,OK
16/07/2026 21:00,MediCore-Web-VM-01,FailedSSHAttempts,1,Count,,OK
16/07/2026 21:00,medicore-db,CPUUtilization,9.58,Percent,,OK
16/07/2026 22:00,MediCore-Web-VM-01,CPUUtilization,10.16,Percent,,OK
16/07/2026 22:00,MediCore-Web-VM-01,NetworkIn,787243,Bytes,,OK
16/07/2026 22:00,MediCore-Web-VM-01,NetworkOut,750849,Bytes,,OK
16/07/2026 22:00,MediCore-Web-VM-01,FailedSSHAttempts,3,Count,Failed-SSH-Attempts,ALARM
16/07/2026 22:00,medicore-db,CPUUtilization,1.24,Percent,,OK
16/07/2026 23:00,MediCore-Web-VM-01,CPUUtilization,5.15,Percent,,OK
16/07/2026 23:00,MediCore-Web-VM-01,NetworkIn,191543,Bytes,,OK
16/07/2026 23:00,MediCore-Web-VM-01,NetworkOut,1034658,Bytes,,OK
16/07/2026 23:00,MediCore-Web-VM-01,FailedSSHAttempts,0,Count,,OK
16/07/2026 23:00,medicore-db,CPUUtilization,7.96,Percent,,OK
17/07/2026 00:00,MediCore-Web-VM-01,CPUUtilization,21.07,Percent,,OK
17/07/2026 00:00,MediCore-Web-VM-01,NetworkIn,1263050,Bytes,,OK
17/07/2026 00:00,MediCore-Web-VM-01,NetworkOut,941365,Bytes,,OK
17/07/2026 00:00,MediCore-Web-VM-01,FailedSSHAttempts,0,Count,,OK
17/07/2026 00:00,medicore-db,CPUUtilization,9.21,Percent,,OK
17/07/2026 01:00,MediCore-Web-VM-01,CPUUtilization,6.68,Percent,,OK
17/07/2026 01:00,MediCore-Web-VM-01,NetworkIn,977841,Bytes,,OK
17/07/2026 01:00,MediCore-Web-VM-01,NetworkOut,1129220,Bytes,,OK
17/07/2026 01:00,MediCore-Web-VM-01,FailedSSHAttempts,1,Count,,OK
17/07/2026 01:00,medicore-db,CPUUtilization,8.24,Percent,,OK
17/07/2026 02:00,MediCore-Web-VM-01,CPUUtilization,24.39,Percent,,OK
17/07/2026 02:00,MediCore-Web-VM-01,NetworkIn,89475,Bytes,,OK
17/07/2026 02:00,MediCore-Web-VM-01,NetworkOut,688911,Bytes,,OK
17/07/2026 02:00,MediCore-Web-VM-01,FailedSSHAttempts,4,Count,Failed-SSH-Attempts,ALARM
17/07/2026 02:00,medicore-db,CPUUtilization,5.36,Percent,,OK
17/07/2026 03:00,MediCore-Web-VM-01,CPUUtilization,16.32,Percent,,OK
17/07/2026 03:00,MediCore-Web-VM-01,NetworkIn,2151171,Bytes,,OK
17/07/2026 03:00,MediCore-Web-VM-01,NetworkOut,756826,Bytes,,OK
17/07/2026 03:00,MediCore-Web-VM-01,FailedSSHAttempts,1,Count,,OK
17/07/2026 03:00,medicore-db,CPUUtilization,1,Percent,,OK
17/07/2026 04:00,MediCore-Web-VM-01,CPUUtilization,19.82,Percent,,OK
17/07/2026 04:00,MediCore-Web-VM-01,NetworkIn,869685,Bytes,,OK
17/07/2026 04:00,MediCore-Web-VM-01,NetworkOut,621909,Bytes,,OK
17/07/2026 04:00,MediCore-Web-VM-01,FailedSSHAttempts,1,Count,,OK
17/07/2026 04:00,medicore-db,CPUUtilization,8.86,Percent,,OK
17/07/2026 05:00,MediCore-Web-VM-01,CPUUtilization,20.94,Percent,,OK
17/07/2026 05:00,MediCore-Web-VM-01,NetworkIn,1523907,Bytes,,OK
17/07/2026 05:00,MediCore-Web-VM-01,NetworkOut,379574,Bytes,,OK
17/07/2026 05:00,MediCore-Web-VM-01,FailedSSHAttempts,0,Count,,OK
17/07/2026 05:00,medicore-db,CPUUtilization,6.2,Percent,,OK
17/07/2026 06:00,MediCore-Web-VM-01,CPUUtilization,20.38,Percent,,OK
17/07/2026 06:00,MediCore-Web-VM-01,NetworkIn,2409423,Bytes,,OK
17/07/2026 06:00,MediCore-Web-VM-01,NetworkOut,153699,Bytes,,OK
17/07/2026 06:00,MediCore-Web-VM-01,FailedSSHAttempts,0,Count,,OK
17/07/2026 06:00,medicore-db,CPUUtilization,3.02,Percent,,OK
17/07/2026 07:00,MediCore-Web-VM-01,CPUUtilization,30.08,Percent,,OK
17/07/2026 07:00,MediCore-Web-VM-01,NetworkIn,1299435,Bytes,,OK
17/07/2026 07:00,MediCore-Web-VM-01,NetworkOut,1418579,Bytes,,OK
17/07/2026 07:00,MediCore-Web-VM-01,FailedSSHAttempts,1,Count,,OK
17/07/2026 07:00,medicore-db,CPUUtilization,2.81,Percent,,OK
17/07/2026 08:00,MediCore-Web-VM-01,CPUUtilization,41.52,Percent,,OK
17/07/2026 08:00,MediCore-Web-VM-01,NetworkIn,13789583,Bytes,High-NetworkIn-WebVM,ALARM
17/07/2026 08:00,MediCore-Web-VM-01,NetworkOut,8808520,Bytes,,OK
17/07/2026 08:00,MediCore-Web-VM-01,FailedSSHAttempts,0,Count,,OK
17/07/2026 08:00,medicore-db,CPUUtilization,15.97,Percent,,OK
17/07/2026 09:00,MediCore-Web-VM-01,CPUUtilization,34.67,Percent,,OK
17/07/2026 09:00,MediCore-Web-VM-01,NetworkIn,3549007,Bytes,,OK
17/07/2026 09:00,MediCore-Web-VM-01,NetworkOut,3677985,Bytes,,OK
17/07/2026 09:00,MediCore-Web-VM-01,FailedSSHAttempts,0,Count,,OK
17/07/2026 09:00,medicore-db,CPUUtilization,18.58,Percent,,OK
17/07/2026 10:00,MediCore-Web-VM-01,CPUUtilization,32.67,Percent,,OK
17/07/2026 10:00,MediCore-Web-VM-01,NetworkIn,1565281,Bytes,,OK
17/07/2026 10:00,MediCore-Web-VM-01,NetworkOut,2865868,Bytes,,OK
17/07/2026 10:00,MediCore-Web-VM-01,FailedSSHAttempts,0,Count,,OK
17/07/2026 10:00,medicore-db,CPUUtilization,17.23,Percent,,OK
17/07/2026 11:00,MediCore-Web-VM-01,CPUUtilization,25.77,Percent,,OK
17/07/2026 11:00,MediCore-Web-VM-01,NetworkIn,4804736,Bytes,,OK
17/07/2026 11:00,MediCore-Web-VM-01,NetworkOut,3262605,Bytes,,OK
17/07/2026 11:00,MediCore-Web-VM-01,FailedSSHAttempts,1,Count,,OK
17/07/2026 11:00,medicore-db,CPUUtilization,25.62,Percent,,OK
17/07/2026 12:00,MediCore-Web-VM-01,CPUUtilization,21.66,Percent,,OK
17/07/2026 12:00,MediCore-Web-VM-01,NetworkIn,4606249,Bytes,,OK
17/07/2026 12:00,MediCore-Web-VM-01,NetworkOut,2948211,Bytes,,OK
17/07/2026 12:00,MediCore-Web-VM-01,FailedSSHAttempts,0,Count,,OK
17/07/2026 12:00,medicore-db,CPUUtilization,18.35,Percent,,OK
17/07/2026 13:00,MediCore-Web-VM-01,CPUUtilization,29.47,Percent,,OK
17/07/2026 13:00,MediCore-Web-VM-01,NetworkIn,4089628,Bytes,,OK
17/07/2026 13:00,MediCore-Web-VM-01,NetworkOut,2759330,Bytes,,OK
17/07/2026 13:00,MediCore-Web-VM-01,FailedSSHAttempts,0,Count,,OK
17/07/2026 13:00,medicore-db,CPUUtilization,17.57,Percent,,OK
17/07/2026 14:00,MediCore-Web-VM-01,CPUUtilization,10.13,Percent,,OK
17/07/2026 14:00,MediCore-Web-VM-01,NetworkIn,3364362,Bytes,,OK
17/07/2026 14:00,MediCore-Web-VM-01,NetworkOut,3280516,Bytes,,OK
17/07/2026 14:00,MediCore-Web-VM-01,FailedSSHAttempts,1,Count,,OK
17/07/2026 14:00,medicore-db,CPUUtilization,24.1,Percent,,OK
17/07/2026 15:00,MediCore-Web-VM-01,CPUUtilization,12.1,Percent,,OK
17/07/2026 15:00,MediCore-Web-VM-01,NetworkIn,3834898,Bytes,,OK
17/07/2026 15:00,MediCore-Web-VM-01,NetworkOut,2961618,Bytes,,OK
17/07/2026 15:00,MediCore-Web-VM-01,FailedSSHAttempts,0,Count,,OK
17/07/2026 15:00,medicore-db,CPUUtilization,19.51,Percent,,OK
17/07/2026 16:00,MediCore-Web-VM-01,CPUUtilization,15.47,Percent,,OK
17/07/2026 16:00,MediCore-Web-VM-01,NetworkIn,5374977,Bytes,,OK
17/07/2026 16:00,MediCore-Web-VM-01,NetworkOut,2901389,Bytes,,OK
17/07/2026 16:00,MediCore-Web-VM-01,FailedSSHAttempts,8,Count,Failed-SSH-Attempts,ALARM
17/07/2026 16:00,medicore-db,CPUUtilization,15.54,Percent,,OK
17/07/2026 17:00,MediCore-Web-VM-01,CPUUtilization,19.41,Percent,,OK
17/07/2026 17:00,MediCore-Web-VM-01,NetworkIn,3807463,Bytes,,OK
17/07/2026 17:00,MediCore-Web-VM-01,NetworkOut,1849039,Bytes,,OK
17/07/2026 17:00,MediCore-Web-VM-01,FailedSSHAttempts,0,Count,,OK
17/07/2026 17:00,medicore-db,CPUUtilization,20.27,Percent,,OK
17/07/2026 18:00,MediCore-Web-VM-01,CPUUtilization,18.88,Percent,,OK
17/07/2026 18:00,MediCore-Web-VM-01,NetworkIn,3910457,Bytes,,OK
17/07/2026 18:00,MediCore-Web-VM-01,NetworkOut,2522229,Bytes,,OK
17/07/2026 18:00,MediCore-Web-VM-01,FailedSSHAttempts,0,Count,,OK
17/07/2026 18:00,medicore-db,CPUUtilization,18.93,Percent,,OK
17/07/2026 19:00,MediCore-Web-VM-01,CPUUtilization,1,Percent,,OK
17/07/2026 19:00,MediCore-Web-VM-01,NetworkIn,2380999,Bytes,,OK
17/07/2026 19:00,MediCore-Web-VM-01,NetworkOut,1340819,Bytes,,OK
17/07/2026 19:00,MediCore-Web-VM-01,FailedSSHAttempts,0,Count,,OK
17/07/2026 19:00,medicore-db,CPUUtilization,4.76,Percent,,OK
17/07/2026 20:00,MediCore-Web-VM-01,CPUUtilization,10.96,Percent,,OK
17/07/2026 20:00,MediCore-Web-VM-01,NetworkIn,587067,Bytes,,OK
17/07/2026 20:00,MediCore-Web-VM-01,NetworkOut,208600,Bytes,,OK
17/07/2026 20:00,MediCore-Web-VM-01,FailedSSHAttempts,0,Count,,OK
17/07/2026 20:00,medicore-db,CPUUtilization,9.62,Percent,,OK
17/07/2026 21:00,MediCore-Web-VM-01,CPUUtilization,1,Percent,,OK
17/07/2026 21:00,MediCore-Web-VM-01,NetworkIn,744550,Bytes,,OK
17/07/2026 21:00,MediCore-Web-VM-01,NetworkOut,656437,Bytes,,OK
17/07/2026 21:00,MediCore-Web-VM-01,FailedSSHAttempts,0,Count,,OK
17/07/2026 21:00,medicore-db,CPUUtilization,9.69,Percent,,OK
17/07/2026 22:00,MediCore-Web-VM-01,CPUUtilization,7.24,Percent,,OK
17/07/2026 22:00,MediCore-Web-VM-01,NetworkIn,1032736,Bytes,,OK
17/07/2026 22:00,MediCore-Web-VM-01,NetworkOut,446218,Bytes,,OK
17/07/2026 22:00,MediCore-Web-VM-01,FailedSSHAttempts,1,Count,,OK
17/07/2026 22:00,medicore-db,CPUUtilization,5.51,Percent,,OK
17/07/2026 23:00,MediCore-Web-VM-01,CPUUtilization,12.05,Percent,,OK
17/07/2026 23:00,MediCore-Web-VM-01,NetworkIn,1853108,Bytes,,OK
17/07/2026 23:00,MediCore-Web-VM-01,NetworkOut,519132,Bytes,,OK
17/07/2026 23:00,MediCore-Web-VM-01,FailedSSHAttempts,1,Count,,OK
17/07/2026 23:00,medicore-db,CPUUtilization,8.62,Percent,,OK
18/07/2026 00:00,MediCore-Web-VM-01,CPUUtilization,13.3,Percent,,OK
18/07/2026 00:00,MediCore-Web-VM-01,NetworkIn,1153744,Bytes,,OK
18/07/2026 00:00,MediCore-Web-VM-01,NetworkOut,294491,Bytes,,OK
18/07/2026 00:00,MediCore-Web-VM-01,FailedSSHAttempts,1,Count,,OK
18/07/2026 00:00,medicore-db,CPUUtilization,5.29,Percent,,OK
18/07/2026 01:00,MediCore-Web-VM-01,CPUUtilization,11.58,Percent,,OK
18/07/2026 01:00,MediCore-Web-VM-01,NetworkIn,693662,Bytes,,OK
18/07/2026 01:00,MediCore-Web-VM-01,NetworkOut,2116924,Bytes,,OK
18/07/2026 01:00,MediCore-Web-VM-01,FailedSSHAttempts,3,Count,Failed-SSH-Attempts,ALARM
18/07/2026 01:00,medicore-db,CPUUtilization,10.28,Percent,,OK
18/07/2026 02:00,MediCore-Web-VM-01,CPUUtilization,17.43,Percent,,OK
18/07/2026 02:00,MediCore-Web-VM-01,NetworkIn,1436321,Bytes,,OK
18/07/2026 02:00,MediCore-Web-VM-01,NetworkOut,694061,Bytes,,OK
18/07/2026 02:00,MediCore-Web-VM-01,FailedSSHAttempts,0,Count,,OK
18/07/2026 02:00,medicore-db,CPUUtilization,7.53,Percent,,OK
18/07/2026 03:00,MediCore-Web-VM-01,CPUUtilization,20.52,Percent,,OK
18/07/2026 03:00,MediCore-Web-VM-01,NetworkIn,2040849,Bytes,,OK
18/07/2026 03:00,MediCore-Web-VM-01,NetworkOut,695962,Bytes,,OK
18/07/2026 03:00,MediCore-Web-VM-01,FailedSSHAttempts,1,Count,,OK
18/07/2026 03:00,medicore-db,CPUUtilization,14.23,Percent,,OK
18/07/2026 04:00,MediCore-Web-VM-01,CPUUtilization,12.76,Percent,,OK
18/07/2026 04:00,MediCore-Web-VM-01,NetworkIn,1824687,Bytes,,OK
18/07/2026 04:00,MediCore-Web-VM-01,NetworkOut,947810,Bytes,,OK
18/07/2026 04:00,MediCore-Web-VM-01,FailedSSHAttempts,2,Count,,OK
18/07/2026 04:00,medicore-db,CPUUtilization,8.05,Percent,,OK
18/07/2026 05:00,MediCore-Web-VM-01,CPUUtilization,24.21,Percent,,OK
18/07/2026 05:00,MediCore-Web-VM-01,NetworkIn,858823,Bytes,,OK
18/07/2026 05:00,MediCore-Web-VM-01,NetworkOut,1101910,Bytes,,OK
18/07/2026 05:00,MediCore-Web-VM-01,FailedSSHAttempts,1,Count,,OK
18/07/2026 05:00,medicore-db,CPUUtilization,11.74,Percent,,OK
18/07/2026 06:00,MediCore-Web-VM-01,CPUUtilization,24.39,Percent,,OK
18/07/2026 06:00,MediCore-Web-VM-01,NetworkIn,1011087,Bytes,,OK
18/07/2026 06:00,MediCore-Web-VM-01,NetworkOut,410618,Bytes,,OK
18/07/2026 06:00,MediCore-Web-VM-01,FailedSSHAttempts,0,Count,,OK
18/07/2026 06:00,medicore-db,CPUUtilization,9,Percent,,OK
18/07/2026 07:00,MediCore-Web-VM-01,CPUUtilization,26.01,Percent,,OK
18/07/2026 07:00,MediCore-Web-VM-01,NetworkIn,658347,Bytes,,OK
18/07/2026 07:00,MediCore-Web-VM-01,NetworkOut,277672,Bytes,,OK
18/07/2026 07:00,MediCore-Web-VM-01,FailedSSHAttempts,1,Count,,OK
18/07/2026 07:00,medicore-db,CPUUtilization,12.07,Percent,,OK
18/07/2026 08:00,MediCore-Web-VM-01,CPUUtilization,21.56,Percent,,OK
18/07/2026 08:00,MediCore-Web-VM-01,NetworkIn,1276576,Bytes,,OK
18/07/2026 08:00,MediCore-Web-VM-01,NetworkOut,1262883,Bytes,,OK
18/07/2026 08:00,MediCore-Web-VM-01,FailedSSHAttempts,1,Count,,OK
18/07/2026 08:00,medicore-db,CPUUtilization,49.01,Percent,,OK
18/07/2026 09:00,MediCore-Web-VM-01,CPUUtilization,12.36,Percent,,OK
18/07/2026 09:00,MediCore-Web-VM-01,NetworkIn,1136840,Bytes,,OK
18/07/2026 09:00,MediCore-Web-VM-01,NetworkOut,1290536,Bytes,,OK
18/07/2026 09:00,MediCore-Web-VM-01,FailedSSHAttempts,1,Count,,OK
18/07/2026 09:00,medicore-db,CPUUtilization,13.66,Percent,,OK
18/07/2026 10:00,MediCore-Web-VM-01,CPUUtilization,17.28,Percent,,OK
18/07/2026 10:00,MediCore-Web-VM-01,NetworkIn,1089394,Bytes,,OK
18/07/2026 10:00,MediCore-Web-VM-01,NetworkOut,9021551,Bytes,,OK
18/07/2026 10:00,MediCore-Web-VM-01,FailedSSHAttempts,0,Count,,OK
18/07/2026 10:00,medicore-db,CPUUtilization,11.28,Percent,,OK
18/07/2026 11:00,MediCore-Web-VM-01,CPUUtilization,13.44,Percent,,OK
18/07/2026 11:00,MediCore-Web-VM-01,NetworkIn,148064,Bytes,,OK
18/07/2026 11:00,MediCore-Web-VM-01,NetworkOut,769632,Bytes,,OK
18/07/2026 11:00,MediCore-Web-VM-01,FailedSSHAttempts,0,Count,,OK
18/07/2026 11:00,medicore-db,CPUUtilization,9.88,Percent,,OK
18/07/2026 12:00,MediCore-Web-VM-01,CPUUtilization,16.02,Percent,,OK
18/07/2026 12:00,MediCore-Web-VM-01,NetworkIn,487965,Bytes,,OK
18/07/2026 12:00,MediCore-Web-VM-01,NetworkOut,1158334,Bytes,,OK
18/07/2026 12:00,MediCore-Web-VM-01,FailedSSHAttempts,0,Count,,OK
18/07/2026 12:00,medicore-db,CPUUtilization,7.53,Percent,,OK
18/07/2026 13:00,MediCore-Web-VM-01,CPUUtilization,9.42,Percent,,OK
18/07/2026 13:00,MediCore-Web-VM-01,NetworkIn,652219,Bytes,,OK
18/07/2026 13:00,MediCore-Web-VM-01,NetworkOut,1237140,Bytes,,OK
18/07/2026 13:00,MediCore-Web-VM-01,FailedSSHAttempts,0,Count,,OK
18/07/2026 13:00,medicore-db,CPUUtilization,8.47,Percent,,OK
18/07/2026 14:00,MediCore-Web-VM-01,CPUUtilization,19.85,Percent,,OK
18/07/2026 14:00,MediCore-Web-VM-01,NetworkIn,2172007,Bytes,,OK
18/07/2026 14:00,MediCore-Web-VM-01,NetworkOut,0,Bytes,,OK
18/07/2026 14:00,MediCore-Web-VM-01,FailedSSHAttempts,1,Count,,OK
18/07/2026 14:00,medicore-db,CPUUtilization,4.68,Percent,,OK
18/07/2026 15:00,MediCore-Web-VM-01,CPUUtilization,1,Percent,,OK
18/07/2026 15:00,MediCore-Web-VM-01,NetworkIn,13628501,Bytes,High-NetworkIn-WebVM,ALARM
18/07/2026 15:00,MediCore-Web-VM-01,NetworkOut,1535777,Bytes,,OK
18/07/2026 15:00,MediCore-Web-VM-01,FailedSSHAttempts,1,Count,,OK
18/07/2026 15:00,medicore-db,CPUUtilization,5.67,Percent,,OK
18/07/2026 16:00,MediCore-Web-VM-01,CPUUtilization,1,Percent,,OK
18/07/2026 16:00,MediCore-Web-VM-01,NetworkIn,1031772,Bytes,,OK
18/07/2026 16:00,MediCore-Web-VM-01,NetworkOut,712589,Bytes,,OK
18/07/2026 16:00,MediCore-Web-VM-01,FailedSSHAttempts,1,Count,,OK
18/07/2026 16:00,medicore-db,CPUUtilization,9.47,Percent,,OK
18/07/2026 17:00,MediCore-Web-VM-01,CPUUtilization,1,Percent,,OK
18/07/2026 17:00,MediCore-Web-VM-01,NetworkIn,1428293,Bytes,,OK
18/07/2026 17:00,MediCore-Web-VM-01,NetworkOut,274443,Bytes,,OK
18/07/2026 17:00,MediCore-Web-VM-01,FailedSSHAttempts,1,Count,,OK
18/07/2026 17:00,medicore-db,CPUUtilization,26.47,Percent,,OK
18/07/2026 18:00,MediCore-Web-VM-01,CPUUtilization,8.58,Percent,,OK
18/07/2026 18:00,MediCore-Web-VM-01,NetworkIn,2072686,Bytes,,OK
18/07/2026 18:00,MediCore-Web-VM-01,NetworkOut,0,Bytes,,OK
18/07/2026 18:00,MediCore-Web-VM-01,FailedSSHAttempts,2,Count,,OK
18/07/2026 18:00,medicore-db,CPUUtilization,2.74,Percent,,OK
18/07/2026 19:00,MediCore-Web-VM-01,CPUUtilization,7.2,Percent,,OK
18/07/2026 19:00,MediCore-Web-VM-01,NetworkIn,2708667,Bytes,,OK
18/07/2026 19:00,MediCore-Web-VM-01,NetworkOut,1236128,Bytes,,OK
18/07/2026 19:00,MediCore-Web-VM-01,FailedSSHAttempts,2,Count,,OK
18/07/2026 19:00,medicore-db,CPUUtilization,7.91,Percent,,OK
18/07/2026 20:00,MediCore-Web-VM-01,CPUUtilization,1,Percent,,OK
18/07/2026 20:00,MediCore-Web-VM-01,NetworkIn,11198652,Bytes,High-NetworkIn-WebVM,ALARM
18/07/2026 20:00,MediCore-Web-VM-01,NetworkOut,1163468,Bytes,,OK
18/07/2026 20:00,MediCore-Web-VM-01,FailedSSHAttempts,1,Count,,OK
18/07/2026 20:00,medicore-db,CPUUtilization,9.66,Percent,,OK
18/07/2026 21:00,MediCore-Web-VM-01,CPUUtilization,1,Percent,,OK
18/07/2026 21:00,MediCore-Web-VM-01,NetworkIn,1468529,Bytes,,OK
18/07/2026 21:00,MediCore-Web-VM-01,NetworkOut,0,Bytes,,OK
18/07/2026 21:00,MediCore-Web-VM-01,FailedSSHAttempts,1,Count,,OK
18/07/2026 21:00,medicore-db,CPUUtilization,9.53,Percent,,OK
18/07/2026 22:00,MediCore-Web-VM-01,CPUUtilization,3.94,Percent,,OK
18/07/2026 22:00,MediCore-Web-VM-01,NetworkIn,516888,Bytes,,OK
18/07/2026 22:00,MediCore-Web-VM-01,NetworkOut,1426820,Bytes,,OK
18/07/2026 22:00,MediCore-Web-VM-01,FailedSSHAttempts,3,Count,Failed-SSH-Attempts,ALARM
18/07/2026 22:00,medicore-db,CPUUtilization,3.78,Percent,,OK
18/07/2026 23:00,MediCore-Web-VM-01,CPUUtilization,12.45,Percent,,OK
18/07/2026 23:00,MediCore-Web-VM-01,NetworkIn,17309,Bytes,,OK
18/07/2026 23:00,MediCore-Web-VM-01,NetworkOut,1393561,Bytes,,OK
18/07/2026 23:00,MediCore-Web-VM-01,FailedSSHAttempts,0,Count,,OK
18/07/2026 23:00,medicore-db,CPUUtilization,3.44,Percent,,OK
19/07/2026 00:00,MediCore-Web-VM-01,CPUUtilization,21.88,Percent,,OK
19/07/2026 00:00,MediCore-Web-VM-01,NetworkIn,1549816,Bytes,,OK
19/07/2026 00:00,MediCore-Web-VM-01,NetworkOut,1166297,Bytes,,OK
19/07/2026 00:00,MediCore-Web-VM-01,FailedSSHAttempts,1,Count,,OK
19/07/2026 00:00,medicore-db,CPUUtilization,7.86,Percent,,OK
19/07/2026 01:00,MediCore-Web-VM-01,CPUUtilization,14.22,Percent,,OK
19/07/2026 01:00,MediCore-Web-VM-01,NetworkIn,1466138,Bytes,,OK
19/07/2026 01:00,MediCore-Web-VM-01,NetworkOut,1205292,Bytes,,OK
19/07/2026 01:00,MediCore-Web-VM-01,FailedSSHAttempts,2,Count,,OK
19/07/2026 01:00,medicore-db,CPUUtilization,9.86,Percent,,OK
19/07/2026 02:00,MediCore-Web-VM-01,CPUUtilization,19.15,Percent,,OK
19/07/2026 02:00,MediCore-Web-VM-01,NetworkIn,443260,Bytes,,OK
19/07/2026 02:00,MediCore-Web-VM-01,NetworkOut,1426576,Bytes,,OK
19/07/2026 02:00,MediCore-Web-VM-01,FailedSSHAttempts,4,Count,Failed-SSH-Attempts,ALARM
19/07/2026 02:00,medicore-db,CPUUtilization,8.62,Percent,,OK
19/07/2026 03:00,MediCore-Web-VM-01,CPUUtilization,19.55,Percent,,OK
19/07/2026 03:00,MediCore-Web-VM-01,NetworkIn,1355493,Bytes,,OK
19/07/2026 03:00,MediCore-Web-VM-01,NetworkOut,660625,Bytes,,OK
19/07/2026 03:00,MediCore-Web-VM-01,FailedSSHAttempts,0,Count,,OK
19/07/2026 03:00,medicore-db,CPUUtilization,6.61,Percent,,OK
19/07/2026 04:00,MediCore-Web-VM-01,CPUUtilization,27.9,Percent,,OK
19/07/2026 04:00,MediCore-Web-VM-01,NetworkIn,1386935,Bytes,,OK
19/07/2026 04:00,MediCore-Web-VM-01,NetworkOut,15045804,Bytes,High-NetworkOut-WebVM,ALARM
19/07/2026 04:00,MediCore-Web-VM-01,FailedSSHAttempts,0,Count,,OK
19/07/2026 04:00,medicore-db,CPUUtilization,8.59,Percent,,OK
19/07/2026 05:00,MediCore-Web-VM-01,CPUUtilization,25.23,Percent,,OK
19/07/2026 05:00,MediCore-Web-VM-01,NetworkIn,2056219,Bytes,,OK
19/07/2026 05:00,MediCore-Web-VM-01,NetworkOut,558284,Bytes,,OK
19/07/2026 05:00,MediCore-Web-VM-01,FailedSSHAttempts,4,Count,Failed-SSH-Attempts,ALARM
19/07/2026 05:00,medicore-db,CPUUtilization,8.14,Percent,,OK
19/07/2026 06:00,MediCore-Web-VM-01,CPUUtilization,17.64,Percent,,OK
19/07/2026 06:00,MediCore-Web-VM-01,NetworkIn,495718,Bytes,,OK
19/07/2026 06:00,MediCore-Web-VM-01,NetworkOut,374544,Bytes,,OK
19/07/2026 06:00,MediCore-Web-VM-01,FailedSSHAttempts,0,Count,,OK
19/07/2026 06:00,medicore-db,CPUUtilization,10.38,Percent,,OK
19/07/2026 07:00,MediCore-Web-VM-01,CPUUtilization,11.99,Percent,,OK
19/07/2026 07:00,MediCore-Web-VM-01,NetworkIn,1083993,Bytes,,OK
19/07/2026 07:00,MediCore-Web-VM-01,NetworkOut,487207,Bytes,,OK
19/07/2026 07:00,MediCore-Web-VM-01,FailedSSHAttempts,0,Count,,OK
19/07/2026 07:00,medicore-db,CPUUtilization,4.38,Percent,,OK
19/07/2026 08:00,MediCore-Web-VM-01,CPUUtilization,26.5,Percent,,OK
19/07/2026 08:00,MediCore-Web-VM-01,NetworkIn,837726,Bytes,,OK
19/07/2026 08:00,MediCore-Web-VM-01,NetworkOut,600537,Bytes,,OK
19/07/2026 08:00,MediCore-Web-VM-01,FailedSSHAttempts,0,Count,,OK
19/07/2026 08:00,medicore-db,CPUUtilization,12.86,Percent,,OK
19/07/2026 09:00,MediCore-Web-VM-01,CPUUtilization,17.2,Percent,,OK
19/07/2026 09:00,MediCore-Web-VM-01,NetworkIn,1440533,Bytes,,OK
19/07/2026 09:00,MediCore-Web-VM-01,NetworkOut,711723,Bytes,,OK
19/07/2026 09:00,MediCore-Web-VM-01,FailedSSHAttempts,0,Count,,OK
19/07/2026 09:00,medicore-db,CPUUtilization,4.48,Percent,,OK
19/07/2026 10:00,MediCore-Web-VM-01,CPUUtilization,12.8,Percent,,OK
19/07/2026 10:00,MediCore-Web-VM-01,NetworkIn,1580449,Bytes,,OK
19/07/2026 10:00,MediCore-Web-VM-01,NetworkOut,1441804,Bytes,,OK
19/07/2026 10:00,MediCore-Web-VM-01,FailedSSHAttempts,0,Count,,OK
19/07/2026 10:00,medicore-db,CPUUtilization,8.49,Percent,,OK
19/07/2026 11:00,MediCore-Web-VM-01,CPUUtilization,19.01,Percent,,OK
19/07/2026 11:00,MediCore-Web-VM-01,NetworkIn,1686332,Bytes,,OK
19/07/2026 11:00,MediCore-Web-VM-01,NetworkOut,369586,Bytes,,OK
19/07/2026 11:00,MediCore-Web-VM-01,FailedSSHAttempts,0,Count,,OK
19/07/2026 11:00,medicore-db,CPUUtilization,5.15,Percent,,OK
19/07/2026 12:00,MediCore-Web-VM-01,CPUUtilization,18.03,Percent,,OK
19/07/2026 12:00,MediCore-Web-VM-01,NetworkIn,52422,Bytes,,OK
19/07/2026 12:00,MediCore-Web-VM-01,NetworkOut,1131274,Bytes,,OK
19/07/2026 12:00,MediCore-Web-VM-01,FailedSSHAttempts,2,Count,,OK
19/07/2026 12:00,medicore-db,CPUUtilization,9.03,Percent,,OK
19/07/2026 13:00,MediCore-Web-VM-01,CPUUtilization,11.92,Percent,,OK
19/07/2026 13:00,MediCore-Web-VM-01,NetworkIn,745566,Bytes,,OK
19/07/2026 13:00,MediCore-Web-VM-01,NetworkOut,1140281,Bytes,,OK
19/07/2026 13:00,MediCore-Web-VM-01,FailedSSHAttempts,0,Count,,OK
19/07/2026 13:00,medicore-db,CPUUtilization,10.57,Percent,,OK
19/07/2026 14:00,MediCore-Web-VM-01,CPUUtilization,5.15,Percent,,OK
19/07/2026 14:00,MediCore-Web-VM-01,NetworkIn,1492776,Bytes,,OK
19/07/2026 14:00,MediCore-Web-VM-01,NetworkOut,8970587,Bytes,,OK
19/07/2026 14:00,MediCore-Web-VM-01,FailedSSHAttempts,2,Count,,OK
19/07/2026 14:00,medicore-db,CPUUtilization,5.5,Percent,,OK
19/07/2026 15:00,MediCore-Web-VM-01,CPUUtilization,8.16,Percent,,OK
19/07/2026 15:00,MediCore-Web-VM-01,NetworkIn,1374568,Bytes,,OK
19/07/2026 15:00,MediCore-Web-VM-01,NetworkOut,1688726,Bytes,,OK
19/07/2026 15:00,MediCore-Web-VM-01,FailedSSHAttempts,2,Count,,OK
19/07/2026 15:00,medicore-db,CPUUtilization,14.49,Percent,,OK
19/07/2026 16:00,MediCore-Web-VM-01,CPUUtilization,1.11,Percent,,OK
19/07/2026 16:00,MediCore-Web-VM-01,NetworkIn,1293078,Bytes,,OK
19/07/2026 16:00,MediCore-Web-VM-01,NetworkOut,549939,Bytes,,OK
19/07/2026 16:00,MediCore-Web-VM-01,FailedSSHAttempts,0,Count,,OK
19/07/2026 16:00,medicore-db,CPUUtilization,8.58,Percent,,OK
19/07/2026 17:00,MediCore-Web-VM-01,CPUUtilization,1,Percent,,OK
19/07/2026 17:00,MediCore-Web-VM-01,NetworkIn,2295866,Bytes,,OK
19/07/2026 17:00,MediCore-Web-VM-01,NetworkOut,867124,Bytes,,OK
19/07/2026 17:00,MediCore-Web-VM-01,FailedSSHAttempts,0,Count,,OK
19/07/2026 17:00,medicore-db,CPUUtilization,9.13,Percent,,OK
19/07/2026 18:00,MediCore-Web-VM-01,CPUUtilization,1,Percent,,OK
19/07/2026 18:00,MediCore-Web-VM-01,NetworkIn,485137,Bytes,,OK
19/07/2026 18:00,MediCore-Web-VM-01,NetworkOut,1254178,Bytes,,OK
19/07/2026 18:00,MediCore-Web-VM-01,FailedSSHAttempts,1,Count,,OK
19/07/2026 18:00,medicore-db,CPUUtilization,1.4,Percent,,OK
19/07/2026 19:00,MediCore-Web-VM-01,CPUUtilization,1.23,Percent,,OK
19/07/2026 19:00,MediCore-Web-VM-01,NetworkIn,340918,Bytes,,OK
19/07/2026 19:00,MediCore-Web-VM-01,NetworkOut,1730068,Bytes,,OK
19/07/2026 19:00,MediCore-Web-VM-01,FailedSSHAttempts,0,Count,,OK
19/07/2026 19:00,medicore-db,CPUUtilization,4.56,Percent,,OK
19/07/2026 20:00,MediCore-Web-VM-01,CPUUtilization,1,Percent,,OK
19/07/2026 20:00,MediCore-Web-VM-01,NetworkIn,1865351,Bytes,,OK
19/07/2026 20:00,MediCore-Web-VM-01,NetworkOut,728512,Bytes,,OK
19/07/2026 20:00,MediCore-Web-VM-01,FailedSSHAttempts,0,Count,,OK
19/07/2026 20:00,medicore-db,CPUUtilization,5.99,Percent,,OK
19/07/2026 21:00,MediCore-Web-VM-01,CPUUtilization,8.47,Percent,,OK
19/07/2026 21:00,MediCore-Web-VM-01,NetworkIn,24193355,Bytes,High-NetworkIn-WebVM,ALARM
19/07/2026 21:00,MediCore-Web-VM-01,NetworkOut,1061622,Bytes,,OK
19/07/2026 21:00,MediCore-Web-VM-01,FailedSSHAttempts,1,Count,,OK
19/07/2026 21:00,medicore-db,CPUUtilization,10.17,Percent,,OK
19/07/2026 22:00,MediCore-Web-VM-01,CPUUtilization,8.87,Percent,,OK
19/07/2026 22:00,MediCore-Web-VM-01,NetworkIn,681417,Bytes,,OK
19/07/2026 22:00,MediCore-Web-VM-01,NetworkOut,892855,Bytes,,OK
19/07/2026 22:00,MediCore-Web-VM-01,FailedSSHAttempts,1,Count,,OK
19/07/2026 22:00,medicore-db,CPUUtilization,5.73,Percent,,OK
19/07/2026 23:00,MediCore-Web-VM-01,CPUUtilization,7.15,Percent,,OK
19/07/2026 23:00,MediCore-Web-VM-01,NetworkIn,1750060,Bytes,,OK
19/07/2026 23:00,MediCore-Web-VM-01,NetworkOut,1112728,Bytes,,OK
19/07/2026 23:00,MediCore-Web-VM-01,FailedSSHAttempts,1,Count,,OK
19/07/2026 23:00,medicore-db,CPUUtilization,1,Percent,,OK
20/07/2026 00:00,MediCore-Web-VM-01,CPUUtilization,24.01,Percent,,OK
20/07/2026 00:00,MediCore-Web-VM-01,NetworkIn,586576,Bytes,,OK
20/07/2026 00:00,MediCore-Web-VM-01,NetworkOut,918830,Bytes,,OK
20/07/2026 00:00,MediCore-Web-VM-01,FailedSSHAttempts,0,Count,,OK
20/07/2026 00:00,medicore-db,CPUUtilization,7.93,Percent,,OK
20/07/2026 01:00,MediCore-Web-VM-01,CPUUtilization,15.57,Percent,,OK
20/07/2026 01:00,MediCore-Web-VM-01,NetworkIn,854576,Bytes,,OK
20/07/2026 01:00,MediCore-Web-VM-01,NetworkOut,677508,Bytes,,OK
20/07/2026 01:00,MediCore-Web-VM-01,FailedSSHAttempts,1,Count,,OK
20/07/2026 01:00,medicore-db,CPUUtilization,4.81,Percent,,OK
20/07/2026 02:00,MediCore-Web-VM-01,CPUUtilization,17.3,Percent,,OK
20/07/2026 02:00,MediCore-Web-VM-01,NetworkIn,1826635,Bytes,,OK
20/07/2026 02:00,MediCore-Web-VM-01,NetworkOut,1217585,Bytes,,OK
20/07/2026 02:00,MediCore-Web-VM-01,FailedSSHAttempts,0,Count,,OK
20/07/2026 02:00,medicore-db,CPUUtilization,6.06,Percent,,OK
20/07/2026 03:00,MediCore-Web-VM-01,CPUUtilization,25.66,Percent,,OK
20/07/2026 03:00,MediCore-Web-VM-01,NetworkIn,2415174,Bytes,,OK
20/07/2026 03:00,MediCore-Web-VM-01,NetworkOut,998955,Bytes,,OK
20/07/2026 03:00,MediCore-Web-VM-01,FailedSSHAttempts,0,Count,,OK
20/07/2026 03:00,medicore-db,CPUUtilization,8.59,Percent,,OK
20/07/2026 04:00,MediCore-Web-VM-01,CPUUtilization,19.06,Percent,,OK
20/07/2026 04:00,MediCore-Web-VM-01,NetworkIn,1565984,Bytes,,OK
20/07/2026 04:00,MediCore-Web-VM-01,NetworkOut,613149,Bytes,,OK
20/07/2026 04:00,MediCore-Web-VM-01,FailedSSHAttempts,2,Count,,OK
20/07/2026 04:00,medicore-db,CPUUtilization,9.27,Percent,,OK
20/07/2026 05:00,MediCore-Web-VM-01,CPUUtilization,21.85,Percent,,OK
20/07/2026 05:00,MediCore-Web-VM-01,NetworkIn,1019836,Bytes,,OK
20/07/2026 05:00,MediCore-Web-VM-01,NetworkOut,65707,Bytes,,OK
20/07/2026 05:00,MediCore-Web-VM-01,FailedSSHAttempts,2,Count,,OK
20/07/2026 05:00,medicore-db,CPUUtilization,8.36,Percent,,OK
20/07/2026 06:00,MediCore-Web-VM-01,CPUUtilization,23.12,Percent,,OK
20/07/2026 06:00,MediCore-Web-VM-01,NetworkIn,1955076,Bytes,,OK
20/07/2026 06:00,MediCore-Web-VM-01,NetworkOut,880745,Bytes,,OK
20/07/2026 06:00,MediCore-Web-VM-01,FailedSSHAttempts,1,Count,,OK
20/07/2026 06:00,medicore-db,CPUUtilization,11.14,Percent,,OK
20/07/2026 07:00,MediCore-Web-VM-01,CPUUtilization,24.32,Percent,,OK
20/07/2026 07:00,MediCore-Web-VM-01,NetworkIn,1481137,Bytes,,OK
20/07/2026 07:00,MediCore-Web-VM-01,NetworkOut,557194,Bytes,,OK
20/07/2026 07:00,MediCore-Web-VM-01,FailedSSHAttempts,0,Count,,OK
20/07/2026 07:00,medicore-db,CPUUtilization,4.24,Percent,,OK
20/07/2026 08:00,MediCore-Web-VM-01,CPUUtilization,36.28,Percent,,OK
20/07/2026 08:00,MediCore-Web-VM-01,NetworkIn,3890288,Bytes,,OK
20/07/2026 08:00,MediCore-Web-VM-01,NetworkOut,3531200,Bytes,,OK
20/07/2026 08:00,MediCore-Web-VM-01,FailedSSHAttempts,0,Count,,OK
20/07/2026 08:00,medicore-db,CPUUtilization,17.13,Percent,,OK
20/07/2026 09:00,MediCore-Web-VM-01,CPUUtilization,34.94,Percent,,OK
20/07/2026 09:00,MediCore-Web-VM-01,NetworkIn,4775404,Bytes,,OK
20/07/2026 09:00,MediCore-Web-VM-01,NetworkOut,2645960,Bytes,,OK
20/07/2026 09:00,MediCore-Web-VM-01,FailedSSHAttempts,0,Count,,OK
20/07/2026 09:00,medicore-db,CPUUtilization,17.74,Percent,,OK
20/07/2026 10:00,MediCore-Web-VM-01,CPUUtilization,20.52,Percent,,OK
20/07/2026 10:00,MediCore-Web-VM-01,NetworkIn,4454246,Bytes,,OK
20/07/2026 10:00,MediCore-Web-VM-01,NetworkOut,2304001,Bytes,,OK
20/07/2026 10:00,MediCore-Web-VM-01,FailedSSHAttempts,0,Count,,OK
20/07/2026 10:00,medicore-db,CPUUtilization,18.76,Percent,,OK
20/07/2026 11:00,MediCore-Web-VM-01,CPUUtilization,32.82,Percent,,OK
20/07/2026 11:00,MediCore-Web-VM-01,NetworkIn,4253858,Bytes,,OK
20/07/2026 11:00,MediCore-Web-VM-01,NetworkOut,3649369,Bytes,,OK
20/07/2026 11:00,MediCore-Web-VM-01,FailedSSHAttempts,0,Count,,OK
20/07/2026 11:00,medicore-db,CPUUtilization,21.67,Percent,,OK
20/07/2026 12:00,MediCore-Web-VM-01,CPUUtilization,26.24,Percent,,OK
20/07/2026 12:00,MediCore-Web-VM-01,NetworkIn,3908358,Bytes,,OK
20/07/2026 12:00,MediCore-Web-VM-01,NetworkOut,2482522,Bytes,,OK
20/07/2026 12:00,MediCore-Web-VM-01,FailedSSHAttempts,0,Count,,OK
20/07/2026 12:00,medicore-db,CPUUtilization,15.94,Percent,,OK
20/07/2026 13:00,MediCore-Web-VM-01,CPUUtilization,24.11,Percent,,OK
20/07/2026 13:00,MediCore-Web-VM-01,NetworkIn,2529356,Bytes,,OK
20/07/2026 13:00,MediCore-Web-VM-01,NetworkOut,4468876,Bytes,,OK
20/07/2026 13:00,MediCore-Web-VM-01,FailedSSHAttempts,0,Count,,OK
20/07/2026 13:00,medicore-db,CPUUtilization,19.36,Percent,,OK
20/07/2026 14:00,MediCore-Web-VM-01,CPUUtilization,16.31,Percent,,OK
20/07/2026 14:00,MediCore-Web-VM-01,NetworkIn,4193598,Bytes,,OK
20/07/2026 14:00,MediCore-Web-VM-01,NetworkOut,2674643,Bytes,,OK
20/07/2026 14:00,MediCore-Web-VM-01,FailedSSHAttempts,0,Count,,OK
20/07/2026 14:00,medicore-db,CPUUtilization,19.93,Percent,,OK
20/07/2026 15:00,MediCore-Web-VM-01,CPUUtilization,18.77,Percent,,OK
20/07/2026 15:00,MediCore-Web-VM-01,NetworkIn,3685755,Bytes,,OK
20/07/2026 15:00,MediCore-Web-VM-01,NetworkOut,3033749,Bytes,,OK
20/07/2026 15:00,MediCore-Web-VM-01,FailedSSHAttempts,0,Count,,OK
20/07/2026 15:00,medicore-db,CPUUtilization,24.01,Percent,,OK
20/07/2026 16:00,MediCore-Web-VM-01,CPUUtilization,11.89,Percent,,OK
20/07/2026 16:00,MediCore-Web-VM-01,NetworkIn,4703599,Bytes,,OK
20/07/2026 16:00,MediCore-Web-VM-01,NetworkOut,2873809,Bytes,,OK
20/07/2026 16:00,MediCore-Web-VM-01,FailedSSHAttempts,0,Count,,OK
20/07/2026 16:00,medicore-db,CPUUtilization,22.89,Percent,,OK
20/07/2026 17:00,MediCore-Web-VM-01,CPUUtilization,7.92,Percent,,OK
20/07/2026 17:00,MediCore-Web-VM-01,NetworkIn,4505026,Bytes,,OK
20/07/2026 17:00,MediCore-Web-VM-01,NetworkOut,3317698,Bytes,,OK
20/07/2026 17:00,MediCore-Web-VM-01,FailedSSHAttempts,0,Count,,OK
20/07/2026 17:00,medicore-db,CPUUtilization,15.2,Percent,,OK
20/07/2026 18:00,MediCore-Web-VM-01,CPUUtilization,9.61,Percent,,OK
20/07/2026 18:00,MediCore-Web-VM-01,NetworkIn,2913091,Bytes,,OK
20/07/2026 18:00,MediCore-Web-VM-01,NetworkOut,2848232,Bytes,,OK
20/07/2026 18:00,MediCore-Web-VM-01,FailedSSHAttempts,0,Count,,OK
20/07/2026 18:00,medicore-db,CPUUtilization,13.07,Percent,,OK
20/07/2026 19:00,MediCore-Web-VM-01,CPUUtilization,7.79,Percent,,OK
20/07/2026 19:00,MediCore-Web-VM-01,NetworkIn,1241399,Bytes,,OK
20/07/2026 19:00,MediCore-Web-VM-01,NetworkOut,9875536,Bytes,,OK
20/07/2026 19:00,MediCore-Web-VM-01,FailedSSHAttempts,0,Count,,OK
20/07/2026 19:00,medicore-db,CPUUtilization,12.6,Percent,,OK
20/07/2026 20:00,MediCore-Web-VM-01,CPUUtilization,8.45,Percent,,OK
20/07/2026 20:00,MediCore-Web-VM-01,NetworkIn,1616328,Bytes,,OK
20/07/2026 20:00,MediCore-Web-VM-01,NetworkOut,8284487,Bytes,,OK
20/07/2026 20:00,MediCore-Web-VM-01,FailedSSHAttempts,0,Count,,OK
20/07/2026 20:00,medicore-db,CPUUtilization,15.32,Percent,,OK
20/07/2026 21:00,MediCore-Web-VM-01,CPUUtilization,3.67,Percent,,OK
20/07/2026 21:00,MediCore-Web-VM-01,NetworkIn,1067772,Bytes,,OK
20/07/2026 21:00,MediCore-Web-VM-01,NetworkOut,1176536,Bytes,,OK
20/07/2026 21:00,MediCore-Web-VM-01,FailedSSHAttempts,0,Count,,OK
20/07/2026 21:00,medicore-db,CPUUtilization,9.18,Percent,,OK
20/07/2026 22:00,MediCore-Web-VM-01,CPUUtilization,11.85,Percent,,OK
20/07/2026 22:00,MediCore-Web-VM-01,NetworkIn,2260162,Bytes,,OK
20/07/2026 22:00,MediCore-Web-VM-01,NetworkOut,1286541,Bytes,,OK
20/07/2026 22:00,MediCore-Web-VM-01,FailedSSHAttempts,0,Count,,OK
20/07/2026 22:00,medicore-db,CPUUtilization,6.15,Percent,,OK
20/07/2026 23:00,MediCore-Web-VM-01,CPUUtilization,4.57,Percent,,OK
20/07/2026 23:00,MediCore-Web-VM-01,NetworkIn,1312333,Bytes,,OK
20/07/2026 23:00,MediCore-Web-VM-01,NetworkOut,431385,Bytes,,OK
20/07/2026 23:00,MediCore-Web-VM-01,FailedSSHAttempts,2,Count,,OK
20/07/2026 23:00,medicore-db,CPUUtilization,9.65,Percent,,OK
21/07/2026 00:00,MediCore-Web-VM-01,CPUUtilization,14.36,Percent,,OK
21/07/2026 00:00,MediCore-Web-VM-01,NetworkIn,1001240,Bytes,,OK
21/07/2026 00:00,MediCore-Web-VM-01,NetworkOut,1100596,Bytes,,OK
21/07/2026 00:00,MediCore-Web-VM-01,FailedSSHAttempts,3,Count,Failed-SSH-Attempts,ALARM
21/07/2026 00:00,medicore-db,CPUUtilization,8.42,Percent,,OK
21/07/2026 01:00,MediCore-Web-VM-01,CPUUtilization,11,Percent,,OK
21/07/2026 01:00,MediCore-Web-VM-01,NetworkIn,728556,Bytes,,OK
21/07/2026 01:00,MediCore-Web-VM-01,NetworkOut,1039497,Bytes,,OK
21/07/2026 01:00,MediCore-Web-VM-01,FailedSSHAttempts,1,Count,,OK
21/07/2026 01:00,medicore-db,CPUUtilization,10.68,Percent,,OK
21/07/2026 02:00,MediCore-Web-VM-01,CPUUtilization,15.23,Percent,,OK
21/07/2026 02:00,MediCore-Web-VM-01,NetworkIn,2057209,Bytes,,OK
21/07/2026 02:00,MediCore-Web-VM-01,NetworkOut,1711698,Bytes,,OK
21/07/2026 02:00,MediCore-Web-VM-01,FailedSSHAttempts,1,Count,,OK
21/07/2026 02:00,medicore-db,CPUUtilization,9.36,Percent,,OK
21/07/2026 03:00,MediCore-Web-VM-01,CPUUtilization,15.05,Percent,,OK
21/07/2026 03:00,MediCore-Web-VM-01,NetworkIn,1598288,Bytes,,OK
21/07/2026 03:00,MediCore-Web-VM-01,NetworkOut,1714198,Bytes,,OK
21/07/2026 03:00,MediCore-Web-VM-01,FailedSSHAttempts,0,Count,,OK
21/07/2026 03:00,medicore-db,CPUUtilization,12.92,Percent,,OK
21/07/2026 04:00,MediCore-Web-VM-01,CPUUtilization,17.75,Percent,,OK
21/07/2026 04:00,MediCore-Web-VM-01,NetworkIn,1223858,Bytes,,OK
21/07/2026 04:00,MediCore-Web-VM-01,NetworkOut,515013,Bytes,,OK
21/07/2026 04:00,MediCore-Web-VM-01,FailedSSHAttempts,0,Count,,OK
21/07/2026 04:00,medicore-db,CPUUtilization,4.96,Percent,,OK
21/07/2026 05:00,MediCore-Web-VM-01,CPUUtilization,23.31,Percent,,OK
21/07/2026 05:00,MediCore-Web-VM-01,NetworkIn,2059368,Bytes,,OK
21/07/2026 05:00,MediCore-Web-VM-01,NetworkOut,295179,Bytes,,OK
21/07/2026 05:00,MediCore-Web-VM-01,FailedSSHAttempts,2,Count,,OK
21/07/2026 05:00,medicore-db,CPUUtilization,10.5,Percent,,OK
21/07/2026 06:00,MediCore-Web-VM-01,CPUUtilization,24.79,Percent,,OK
21/07/2026 06:00,MediCore-Web-VM-01,NetworkIn,1318552,Bytes,,OK
21/07/2026 06:00,MediCore-Web-VM-01,NetworkOut,193142,Bytes,,OK
21/07/2026 06:00,MediCore-Web-VM-01,FailedSSHAttempts,1,Count,,OK
21/07/2026 06:00,medicore-db,CPUUtilization,8.23,Percent,,OK
21/07/2026 07:00,MediCore-Web-VM-01,CPUUtilization,18.99,Percent,,OK
21/07/2026 07:00,MediCore-Web-VM-01,NetworkIn,1251097,Bytes,,OK
21/07/2026 07:00,MediCore-Web-VM-01,NetworkOut,1290039,Bytes,,OK
21/07/2026 07:00,MediCore-Web-VM-01,FailedSSHAttempts,1,Count,,OK
21/07/2026 07:00,medicore-db,CPUUtilization,3.78,Percent,,OK
21/07/2026 08:00,MediCore-Web-VM-01,CPUUtilization,35.33,Percent,,OK
21/07/2026 08:00,MediCore-Web-VM-01,NetworkIn,3449807,Bytes,,OK
21/07/2026 08:00,MediCore-Web-VM-01,NetworkOut,2334383,Bytes,,OK
21/07/2026 08:00,MediCore-Web-VM-01,FailedSSHAttempts,0,Count,,OK
21/07/2026 08:00,medicore-db,CPUUtilization,17.54,Percent,,OK
21/07/2026 09:00,MediCore-Web-VM-01,CPUUtilization,27.55,Percent,,OK
21/07/2026 09:00,MediCore-Web-VM-01,NetworkIn,3995750,Bytes,,OK
21/07/2026 09:00,MediCore-Web-VM-01,NetworkOut,3419245,Bytes,,OK
21/07/2026 09:00,MediCore-Web-VM-01,FailedSSHAttempts,0,Count,,OK
21/07/2026 09:00,medicore-db,CPUUtilization,11.54,Percent,,OK
21/07/2026 10:00,MediCore-Web-VM-01,CPUUtilization,31.41,Percent,,OK
21/07/2026 10:00,MediCore-Web-VM-01,NetworkIn,4187174,Bytes,,OK
21/07/2026 10:00,MediCore-Web-VM-01,NetworkOut,3160848,Bytes,,OK
21/07/2026 10:00,MediCore-Web-VM-01,FailedSSHAttempts,0,Count,,OK
21/07/2026 10:00,medicore-db,CPUUtilization,17.7,Percent,,OK
21/07/2026 11:00,MediCore-Web-VM-01,CPUUtilization,31.27,Percent,,OK
21/07/2026 11:00,MediCore-Web-VM-01,NetworkIn,4760126,Bytes,,OK
21/07/2026 11:00,MediCore-Web-VM-01,NetworkOut,3237349,Bytes,,OK
21/07/2026 11:00,MediCore-Web-VM-01,FailedSSHAttempts,1,Count,,OK
21/07/2026 11:00,medicore-db,CPUUtilization,15.3,Percent,,OK
21/07/2026 12:00,MediCore-Web-VM-01,CPUUtilization,22.75,Percent,,OK
21/07/2026 12:00,MediCore-Web-VM-01,NetworkIn,3739800,Bytes,,OK
21/07/2026 12:00,MediCore-Web-VM-01,NetworkOut,8855506,Bytes,,OK
21/07/2026 12:00,MediCore-Web-VM-01,FailedSSHAttempts,1,Count,,OK
21/07/2026 12:00,medicore-db,CPUUtilization,19.59,Percent,,OK
21/07/2026 13:00,MediCore-Web-VM-01,CPUUtilization,14.4,Percent,,OK
21/07/2026 13:00,MediCore-Web-VM-01,NetworkIn,4198309,Bytes,,OK
21/07/2026 13:00,MediCore-Web-VM-01,NetworkOut,2603359,Bytes,,OK
21/07/2026 13:00,MediCore-Web-VM-01,FailedSSHAttempts,0,Count,,OK
21/07/2026 13:00,medicore-db,CPUUtilization,16.06,Percent,,OK
21/07/2026 14:00,MediCore-Web-VM-01,CPUUtilization,17.56,Percent,,OK
21/07/2026 14:00,MediCore-Web-VM-01,NetworkIn,3605445,Bytes,,OK
21/07/2026 14:00,MediCore-Web-VM-01,NetworkOut,2794534,Bytes,,OK
21/07/2026 14:00,MediCore-Web-VM-01,FailedSSHAttempts,0,Count,,OK
21/07/2026 14:00,medicore-db,CPUUtilization,17.81,Percent,,OK
21/07/2026 15:00,MediCore-Web-VM-01,CPUUtilization,19.01,Percent,,OK
21/07/2026 15:00,MediCore-Web-VM-01,NetworkIn,2925990,Bytes,,OK
21/07/2026 15:00,MediCore-Web-VM-01,NetworkOut,3456217,Bytes,,OK
21/07/2026 15:00,MediCore-Web-VM-01,FailedSSHAttempts,0,Count,,OK
21/07/2026 15:00,medicore-db,CPUUtilization,15.81,Percent,,OK
21/07/2026 16:00,MediCore-Web-VM-01,CPUUtilization,16.7,Percent,,OK
21/07/2026 16:00,MediCore-Web-VM-01,NetworkIn,4845466,Bytes,,OK
21/07/2026 16:00,MediCore-Web-VM-01,NetworkOut,2841674,Bytes,,OK
21/07/2026 16:00,MediCore-Web-VM-01,FailedSSHAttempts,0,Count,,OK
21/07/2026 16:00,medicore-db,CPUUtilization,20.97,Percent,,OK
21/07/2026 17:00,MediCore-Web-VM-01,CPUUtilization,14.38,Percent,,OK
21/07/2026 17:00,MediCore-Web-VM-01,NetworkIn,4076191,Bytes,,OK
21/07/2026 17:00,MediCore-Web-VM-01,NetworkOut,9852698,Bytes,,OK
21/07/2026 17:00,MediCore-Web-VM-01,FailedSSHAttempts,1,Count,,OK
21/07/2026 17:00,medicore-db,CPUUtilization,17.95,Percent,,OK
21/07/2026 18:00,MediCore-Web-VM-01,CPUUtilization,11.03,Percent,,OK
21/07/2026 18:00,MediCore-Web-VM-01,NetworkIn,3164858,Bytes,,OK
21/07/2026 18:00,MediCore-Web-VM-01,NetworkOut,2979955,Bytes,,OK
21/07/2026 18:00,MediCore-Web-VM-01,FailedSSHAttempts,0,Count,,OK
21/07/2026 18:00,medicore-db,CPUUtilization,17.91,Percent,,OK
21/07/2026 19:00,MediCore-Web-VM-01,CPUUtilization,1,Percent,,OK
21/07/2026 19:00,MediCore-Web-VM-01,NetworkIn,1999628,Bytes,,OK
21/07/2026 19:00,MediCore-Web-VM-01,NetworkOut,339588,Bytes,,OK
21/07/2026 19:00,MediCore-Web-VM-01,FailedSSHAttempts,1,Count,,OK
21/07/2026 19:00,medicore-db,CPUUtilization,1.17,Percent,,OK
21/07/2026 20:00,MediCore-Web-VM-01,CPUUtilization,14.13,Percent,,OK
21/07/2026 20:00,MediCore-Web-VM-01,NetworkIn,2111218,Bytes,,OK
21/07/2026 20:00,MediCore-Web-VM-01,NetworkOut,1680755,Bytes,,OK
21/07/2026 20:00,MediCore-Web-VM-01,FailedSSHAttempts,0,Count,,OK
21/07/2026 20:00,medicore-db,CPUUtilization,6.18,Percent,,OK
21/07/2026 21:00,MediCore-Web-VM-01,CPUUtilization,15,Percent,,OK
21/07/2026 21:00,MediCore-Web-VM-01,NetworkIn,944274,Bytes,,OK
21/07/2026 21:00,MediCore-Web-VM-01,NetworkOut,15557354,Bytes,High-NetworkOut-WebVM,ALARM
21/07/2026 21:00,MediCore-Web-VM-01,FailedSSHAttempts,1,Count,,OK
21/07/2026 21:00,medicore-db,CPUUtilization,8.41,Percent,,OK
21/07/2026 22:00,MediCore-Web-VM-01,CPUUtilization,13,Percent,,OK
21/07/2026 22:00,MediCore-Web-VM-01,NetworkIn,2029992,Bytes,,OK
21/07/2026 22:00,MediCore-Web-VM-01,NetworkOut,7081193,Bytes,,OK
21/07/2026 22:00,MediCore-Web-VM-01,FailedSSHAttempts,2,Count,,OK
21/07/2026 22:00,medicore-db,CPUUtilization,6.03,Percent,,OK
21/07/2026 23:00,MediCore-Web-VM-01,CPUUtilization,3.15,Percent,,OK
21/07/2026 23:00,MediCore-Web-VM-01,NetworkIn,1649181,Bytes,,OK
21/07/2026 23:00,MediCore-Web-VM-01,NetworkOut,1512313,Bytes,,OK
21/07/2026 23:00,MediCore-Web-VM-01,FailedSSHAttempts,2,Count,,OK
21/07/2026 23:00,medicore-db,CPUUtilization,6.49,Percent,,OK
22/07/2026 00:00,MediCore-Web-VM-01,CPUUtilization,19.28,Percent,,OK
22/07/2026 00:00,MediCore-Web-VM-01,NetworkIn,602384,Bytes,,OK
22/07/2026 00:00,MediCore-Web-VM-01,NetworkOut,1079604,Bytes,,OK
22/07/2026 00:00,MediCore-Web-VM-01,FailedSSHAttempts,0,Count,,OK
22/07/2026 00:00,medicore-db,CPUUtilization,13.4,Percent,,OK
22/07/2026 01:00,MediCore-Web-VM-01,CPUUtilization,5.9,Percent,,OK
22/07/2026 01:00,MediCore-Web-VM-01,NetworkIn,861332,Bytes,,OK
22/07/2026 01:00,MediCore-Web-VM-01,NetworkOut,734271,Bytes,,OK
22/07/2026 01:00,MediCore-Web-VM-01,FailedSSHAttempts,1,Count,,OK
22/07/2026 01:00,medicore-db,CPUUtilization,2.16,Percent,,OK
22/07/2026 02:00,MediCore-Web-VM-01,CPUUtilization,16.16,Percent,,OK
22/07/2026 02:00,MediCore-Web-VM-01,NetworkIn,1543682,Bytes,,OK
22/07/2026 02:00,MediCore-Web-VM-01,NetworkOut,1267438,Bytes,,OK
22/07/2026 02:00,MediCore-Web-VM-01,FailedSSHAttempts,0,Count,,OK
22/07/2026 02:00,medicore-db,CPUUtilization,8.85,Percent,,OK
22/07/2026 03:00,MediCore-Web-VM-01,CPUUtilization,21.07,Percent,,OK
22/07/2026 03:00,MediCore-Web-VM-01,NetworkIn,2066798,Bytes,,OK
22/07/2026 03:00,MediCore-Web-VM-01,NetworkOut,910635,Bytes,,OK
22/07/2026 03:00,MediCore-Web-VM-01,FailedSSHAttempts,2,Count,,OK
22/07/2026 03:00,medicore-db,CPUUtilization,6.05,Percent,,OK
22/07/2026 04:00,MediCore-Web-VM-01,CPUUtilization,24.43,Percent,,OK
22/07/2026 04:00,MediCore-Web-VM-01,NetworkIn,13296621,Bytes,High-NetworkIn-WebVM,ALARM
22/07/2026 04:00,MediCore-Web-VM-01,NetworkOut,287850,Bytes,,OK
22/07/2026 04:00,MediCore-Web-VM-01,FailedSSHAttempts,1,Count,,OK
22/07/2026 04:00,medicore-db,CPUUtilization,9.14,Percent,,OK
22/07/2026 05:00,MediCore-Web-VM-01,CPUUtilization,18.76,Percent,,OK
22/07/2026 05:00,MediCore-Web-VM-01,NetworkIn,362881,Bytes,,OK
22/07/2026 05:00,MediCore-Web-VM-01,NetworkOut,1122301,Bytes,,OK
22/07/2026 05:00,MediCore-Web-VM-01,FailedSSHAttempts,1,Count,,OK
22/07/2026 05:00,medicore-db,CPUUtilization,9.77,Percent,,OK
22/07/2026 06:00,MediCore-Web-VM-01,CPUUtilization,14.75,Percent,,OK
22/07/2026 06:00,MediCore-Web-VM-01,NetworkIn,627970,Bytes,,OK
22/07/2026 06:00,MediCore-Web-VM-01,NetworkOut,0,Bytes,,OK
22/07/2026 06:00,MediCore-Web-VM-01,FailedSSHAttempts,1,Count,,OK
22/07/2026 06:00,medicore-db,CPUUtilization,4.68,Percent,,OK
22/07/2026 07:00,MediCore-Web-VM-01,CPUUtilization,14.03,Percent,,OK
22/07/2026 07:00,MediCore-Web-VM-01,NetworkIn,813699,Bytes,,OK
22/07/2026 07:00,MediCore-Web-VM-01,NetworkOut,2179099,Bytes,,OK
22/07/2026 07:00,MediCore-Web-VM-01,FailedSSHAttempts,1,Count,,OK
22/07/2026 07:00,medicore-db,CPUUtilization,11.79,Percent,,OK
22/07/2026 08:00,MediCore-Web-VM-01,CPUUtilization,42.81,Percent,,OK
22/07/2026 08:00,MediCore-Web-VM-01,NetworkIn,3995070,Bytes,,OK
22/07/2026 08:00,MediCore-Web-VM-01,NetworkOut,3656204,Bytes,,OK
22/07/2026 08:00,MediCore-Web-VM-01,FailedSSHAttempts,0,Count,,OK
22/07/2026 08:00,medicore-db,CPUUtilization,20.87,Percent,,OK
22/07/2026 09:00,MediCore-Web-VM-01,CPUUtilization,37.81,Percent,,OK
22/07/2026 09:00,MediCore-Web-VM-01,NetworkIn,3697742,Bytes,,OK
22/07/2026 09:00,MediCore-Web-VM-01,NetworkOut,2556978,Bytes,,OK
22/07/2026 09:00,MediCore-Web-VM-01,FailedSSHAttempts,0,Count,,OK
22/07/2026 09:00,medicore-db,CPUUtilization,20.05,Percent,,OK
22/07/2026 10:00,MediCore-Web-VM-01,CPUUtilization,31.95,Percent,,OK
22/07/2026 10:00,MediCore-Web-VM-01,NetworkIn,3755271,Bytes,,OK
22/07/2026 10:00,MediCore-Web-VM-01,NetworkOut,3130831,Bytes,,OK
22/07/2026 10:00,MediCore-Web-VM-01,FailedSSHAttempts,0,Count,,OK
22/07/2026 10:00,medicore-db,CPUUtilization,19.73,Percent,,OK
22/07/2026 11:00,MediCore-Web-VM-01,CPUUtilization,22.32,Percent,,OK
22/07/2026 11:00,MediCore-Web-VM-01,NetworkIn,3630556,Bytes,,OK
22/07/2026 11:00,MediCore-Web-VM-01,NetworkOut,3385719,Bytes,,OK
22/07/2026 11:00,MediCore-Web-VM-01,FailedSSHAttempts,1,Count,,OK
22/07/2026 11:00,medicore-db,CPUUtilization,19.05,Percent,,OK
22/07/2026 12:00,MediCore-Web-VM-01,CPUUtilization,28.57,Percent,,OK
22/07/2026 12:00,MediCore-Web-VM-01,NetworkIn,3980739,Bytes,,OK
22/07/2026 12:00,MediCore-Web-VM-01,NetworkOut,3886125,Bytes,,OK
22/07/2026 12:00,MediCore-Web-VM-01,FailedSSHAttempts,0,Count,,OK
22/07/2026 12:00,medicore-db,CPUUtilization,16.4,Percent,,OK
22/07/2026 13:00,MediCore-Web-VM-01,CPUUtilization,18.42,Percent,,OK
22/07/2026 13:00,MediCore-Web-VM-01,NetworkIn,3929892,Bytes,,OK
22/07/2026 13:00,MediCore-Web-VM-01,NetworkOut,2898163,Bytes,,OK
22/07/2026 13:00,MediCore-Web-VM-01,FailedSSHAttempts,1,Count,,OK
22/07/2026 13:00,medicore-db,CPUUtilization,18.91,Percent,,OK
22/07/2026 14:00,MediCore-Web-VM-01,CPUUtilization,19.48,Percent,,OK
22/07/2026 14:00,MediCore-Web-VM-01,NetworkIn,3631745,Bytes,,OK
22/07/2026 14:00,MediCore-Web-VM-01,NetworkOut,2992990,Bytes,,OK
22/07/2026 14:00,MediCore-Web-VM-01,FailedSSHAttempts,0,Count,,OK
22/07/2026 14:00,medicore-db,CPUUtilization,22.7,Percent,,OK
22/07/2026 15:00,MediCore-Web-VM-01,CPUUtilization,10.11,Percent,,OK
22/07/2026 15:00,MediCore-Web-VM-01,NetworkIn,4172954,Bytes,,OK
22/07/2026 15:00,MediCore-Web-VM-01,NetworkOut,3043665,Bytes,,OK
22/07/2026 15:00,MediCore-Web-VM-01,FailedSSHAttempts,0,Count,,OK
22/07/2026 15:00,medicore-db,CPUUtilization,14.92,Percent,,OK
22/07/2026 16:00,MediCore-Web-VM-01,CPUUtilization,21.76,Percent,,OK
22/07/2026 16:00,MediCore-Web-VM-01,NetworkIn,3222720,Bytes,,OK
22/07/2026 16:00,MediCore-Web-VM-01,NetworkOut,3283527,Bytes,,OK
22/07/2026 16:00,MediCore-Web-VM-01,FailedSSHAttempts,1,Count,,OK
22/07/2026 16:00,medicore-db,CPUUtilization,15.24,Percent,,OK
22/07/2026 17:00,MediCore-Web-VM-01,CPUUtilization,12.67,Percent,,OK
22/07/2026 17:00,MediCore-Web-VM-01,NetworkIn,3288924,Bytes,,OK
22/07/2026 17:00,MediCore-Web-VM-01,NetworkOut,3030839,Bytes,,OK
22/07/2026 17:00,MediCore-Web-VM-01,FailedSSHAttempts,0,Count,,OK
22/07/2026 17:00,medicore-db,CPUUtilization,15.57,Percent,,OK
22/07/2026 18:00,MediCore-Web-VM-01,CPUUtilization,11.86,Percent,,OK
22/07/2026 18:00,MediCore-Web-VM-01,NetworkIn,4305591,Bytes,,OK
22/07/2026 18:00,MediCore-Web-VM-01,NetworkOut,3451967,Bytes,,OK
22/07/2026 18:00,MediCore-Web-VM-01,FailedSSHAttempts,0,Count,,OK
22/07/2026 18:00,medicore-db,CPUUtilization,18.26,Percent,,OK
22/07/2026 19:00,MediCore-Web-VM-01,CPUUtilization,2.44,Percent,,OK
22/07/2026 19:00,MediCore-Web-VM-01,NetworkIn,747825,Bytes,,OK
22/07/2026 19:00,MediCore-Web-VM-01,NetworkOut,500403,Bytes,,OK
22/07/2026 19:00,MediCore-Web-VM-01,FailedSSHAttempts,1,Count,,OK
22/07/2026 19:00,medicore-db,CPUUtilization,5.82,Percent,,OK
22/07/2026 20:00,MediCore-Web-VM-01,CPUUtilization,1.54,Percent,,OK
22/07/2026 20:00,MediCore-Web-VM-01,NetworkIn,1157269,Bytes,,OK
22/07/2026 20:00,MediCore-Web-VM-01,NetworkOut,532070,Bytes,,OK
22/07/2026 20:00,MediCore-Web-VM-01,FailedSSHAttempts,0,Count,,OK
22/07/2026 20:00,medicore-db,CPUUtilization,9.53,Percent,,OK
22/07/2026 21:00,MediCore-Web-VM-01,CPUUtilization,10.12,Percent,,OK
22/07/2026 21:00,MediCore-Web-VM-01,NetworkIn,0,Bytes,,OK
22/07/2026 21:00,MediCore-Web-VM-01,NetworkOut,1000325,Bytes,,OK
22/07/2026 21:00,MediCore-Web-VM-01,FailedSSHAttempts,1,Count,,OK
22/07/2026 21:00,medicore-db,CPUUtilization,9.52,Percent,,OK
22/07/2026 22:00,MediCore-Web-VM-01,CPUUtilization,7.34,Percent,,OK
22/07/2026 22:00,MediCore-Web-VM-01,NetworkIn,749515,Bytes,,OK
22/07/2026 22:00,MediCore-Web-VM-01,NetworkOut,1414980,Bytes,,OK
22/07/2026 22:00,MediCore-Web-VM-01,FailedSSHAttempts,1,Count,,OK
22/07/2026 22:00,medicore-db,CPUUtilization,10.56,Percent,,OK
22/07/2026 23:00,MediCore-Web-VM-01,CPUUtilization,6.68,Percent,,OK
22/07/2026 23:00,MediCore-Web-VM-01,NetworkIn,1060329,Bytes,,OK
22/07/2026 23:00,MediCore-Web-VM-01,NetworkOut,318405,Bytes,,OK
22/07/2026 23:00,MediCore-Web-VM-01,FailedSSHAttempts,4,Count,Failed-SSH-Attempts,ALARM
22/07/2026 23:00,medicore-db,CPUUtilization,6.45,Percent,,OK
23/07/2026 00:00,MediCore-Web-VM-01,CPUUtilization,17.74,Percent,,OK
23/07/2026 00:00,MediCore-Web-VM-01,NetworkIn,17883538,Bytes,High-NetworkIn-WebVM,ALARM
23/07/2026 00:00,MediCore-Web-VM-01,NetworkOut,772374,Bytes,,OK
23/07/2026 00:00,MediCore-Web-VM-01,FailedSSHAttempts,2,Count,,OK
23/07/2026 00:00,medicore-db,CPUUtilization,12.3,Percent,,OK
23/07/2026 01:00,MediCore-Web-VM-01,CPUUtilization,16.28,Percent,,OK
23/07/2026 01:00,MediCore-Web-VM-01,NetworkIn,495420,Bytes,,OK
23/07/2026 01:00,MediCore-Web-VM-01,NetworkOut,1469939,Bytes,,OK
23/07/2026 01:00,MediCore-Web-VM-01,FailedSSHAttempts,1,Count,,OK
23/07/2026 01:00,medicore-db,CPUUtilization,7.11,Percent,,OK
23/07/2026 02:00,MediCore-Web-VM-01,CPUUtilization,14.51,Percent,,OK
23/07/2026 02:00,MediCore-Web-VM-01,NetworkIn,804300,Bytes,,OK
23/07/2026 02:00,MediCore-Web-VM-01,NetworkOut,694645,Bytes,,OK
23/07/2026 02:00,MediCore-Web-VM-01,FailedSSHAttempts,3,Count,Failed-SSH-Attempts,ALARM
23/07/2026 02:00,medicore-db,CPUUtilization,10.98,Percent,,OK
23/07/2026 03:00,MediCore-Web-VM-01,CPUUtilization,21.09,Percent,,OK
23/07/2026 03:00,MediCore-Web-VM-01,NetworkIn,374672,Bytes,,OK
23/07/2026 03:00,MediCore-Web-VM-01,NetworkOut,1493839,Bytes,,OK
23/07/2026 03:00,MediCore-Web-VM-01,FailedSSHAttempts,0,Count,,OK
23/07/2026 03:00,medicore-db,CPUUtilization,7.93,Percent,,OK
23/07/2026 04:00,MediCore-Web-VM-01,CPUUtilization,23.59,Percent,,OK
23/07/2026 04:00,MediCore-Web-VM-01,NetworkIn,1288465,Bytes,,OK
23/07/2026 04:00,MediCore-Web-VM-01,NetworkOut,1869464,Bytes,,OK
23/07/2026 04:00,MediCore-Web-VM-01,FailedSSHAttempts,0,Count,,OK
23/07/2026 04:00,medicore-db,CPUUtilization,6.58,Percent,,OK
23/07/2026 05:00,MediCore-Web-VM-01,CPUUtilization,24.23,Percent,,OK
23/07/2026 05:00,MediCore-Web-VM-01,NetworkIn,1644305,Bytes,,OK
23/07/2026 05:00,MediCore-Web-VM-01,NetworkOut,1454849,Bytes,,OK
23/07/2026 05:00,MediCore-Web-VM-01,FailedSSHAttempts,2,Count,,OK
23/07/2026 05:00,medicore-db,CPUUtilization,8.54,Percent,,OK
23/07/2026 06:00,MediCore-Web-VM-01,CPUUtilization,27.54,Percent,,OK
23/07/2026 06:00,MediCore-Web-VM-01,NetworkIn,825270,Bytes,,OK
23/07/2026 06:00,MediCore-Web-VM-01,NetworkOut,854733,Bytes,,OK
23/07/2026 06:00,MediCore-Web-VM-01,FailedSSHAttempts,1,Count,,OK
23/07/2026 06:00,medicore-db,CPUUtilization,7.64,Percent,,OK
23/07/2026 07:00,MediCore-Web-VM-01,CPUUtilization,22.64,Percent,,OK
23/07/2026 07:00,MediCore-Web-VM-01,NetworkIn,545192,Bytes,,OK
23/07/2026 07:00,MediCore-Web-VM-01,NetworkOut,1442991,Bytes,,OK
23/07/2026 07:00,MediCore-Web-VM-01,FailedSSHAttempts,1,Count,,OK
23/07/2026 07:00,medicore-db,CPUUtilization,43.39,Percent,,OK
23/07/2026 08:00,MediCore-Web-VM-01,CPUUtilization,30.11,Percent,,OK
23/07/2026 08:00,MediCore-Web-VM-01,NetworkIn,4559959,Bytes,,OK
23/07/2026 08:00,MediCore-Web-VM-01,NetworkOut,2191844,Bytes,,OK
23/07/2026 08:00,MediCore-Web-VM-01,FailedSSHAttempts,0,Count,,OK
23/07/2026 08:00,medicore-db,CPUUtilization,45.31,Percent,,OK
23/07/2026 09:00,MediCore-Web-VM-01,CPUUtilization,37.82,Percent,,OK
23/07/2026 09:00,MediCore-Web-VM-01,NetworkIn,3926885,Bytes,,OK
23/07/2026 09:00,MediCore-Web-VM-01,NetworkOut,2915589,Bytes,,OK
23/07/2026 09:00,MediCore-Web-VM-01,FailedSSHAttempts,0,Count,,OK
23/07/2026 09:00,medicore-db,CPUUtilization,23.13,Percent,,OK
23/07/2026 10:00,MediCore-Web-VM-01,CPUUtilization,31.35,Percent,,OK
23/07/2026 10:00,MediCore-Web-VM-01,NetworkIn,3350852,Bytes,,OK
23/07/2026 10:00,MediCore-Web-VM-01,NetworkOut,3119184,Bytes,,OK
23/07/2026 10:00,MediCore-Web-VM-01,FailedSSHAttempts,0,Count,,OK
23/07/2026 10:00,medicore-db,CPUUtilization,21.49,Percent,,OK
23/07/2026 11:00,MediCore-Web-VM-01,CPUUtilization,29.54,Percent,,OK
23/07/2026 11:00,MediCore-Web-VM-01,NetworkIn,3542147,Bytes,,OK
23/07/2026 11:00,MediCore-Web-VM-01,NetworkOut,2084683,Bytes,,OK
23/07/2026 11:00,MediCore-Web-VM-01,FailedSSHAttempts,1,Count,,OK
23/07/2026 11:00,medicore-db,CPUUtilization,21,Percent,,OK
23/07/2026 12:00,MediCore-Web-VM-01,CPUUtilization,32.11,Percent,,OK
23/07/2026 12:00,MediCore-Web-VM-01,NetworkIn,3324151,Bytes,,OK
23/07/2026 12:00,MediCore-Web-VM-01,NetworkOut,3015080,Bytes,,OK
23/07/2026 12:00,MediCore-Web-VM-01,FailedSSHAttempts,0,Count,,OK
23/07/2026 12:00,medicore-db,CPUUtilization,23.25,Percent,,OK
23/07/2026 13:00,MediCore-Web-VM-01,CPUUtilization,30.81,Percent,,OK
23/07/2026 13:00,MediCore-Web-VM-01,NetworkIn,3926128,Bytes,,OK
23/07/2026 13:00,MediCore-Web-VM-01,NetworkOut,2907821,Bytes,,OK
23/07/2026 13:00,MediCore-Web-VM-01,FailedSSHAttempts,0,Count,,OK
23/07/2026 13:00,medicore-db,CPUUtilization,19.83,Percent,,OK
23/07/2026 14:00,MediCore-Web-VM-01,CPUUtilization,19.9,Percent,,OK
23/07/2026 14:00,MediCore-Web-VM-01,NetworkIn,3373967,Bytes,,OK
23/07/2026 14:00,MediCore-Web-VM-01,NetworkOut,7741935,Bytes,,OK
23/07/2026 14:00,MediCore-Web-VM-01,FailedSSHAttempts,0,Count,,OK
23/07/2026 14:00,medicore-db,CPUUtilization,11.8,Percent,,OK
23/07/2026 15:00,MediCore-Web-VM-01,CPUUtilization,17.38,Percent,,OK
23/07/2026 15:00,MediCore-Web-VM-01,NetworkIn,2687379,Bytes,,OK
23/07/2026 15:00,MediCore-Web-VM-01,NetworkOut,3057513,Bytes,,OK
23/07/2026 15:00,MediCore-Web-VM-01,FailedSSHAttempts,0,Count,,OK
23/07/2026 15:00,medicore-db,CPUUtilization,15.74,Percent,,OK
23/07/2026 16:00,MediCore-Web-VM-01,CPUUtilization,15.74,Percent,,OK
23/07/2026 16:00,MediCore-Web-VM-01,NetworkIn,5330833,Bytes,,OK
23/07/2026 16:00,MediCore-Web-VM-01,NetworkOut,2969669,Bytes,,OK
23/07/2026 16:00,MediCore-Web-VM-01,FailedSSHAttempts,0,Count,,OK
23/07/2026 16:00,medicore-db,CPUUtilization,15.61,Percent,,OK
23/07/2026 17:00,MediCore-Web-VM-01,CPUUtilization,7.33,Percent,,OK
23/07/2026 17:00,MediCore-Web-VM-01,NetworkIn,2893166,Bytes,,OK
23/07/2026 17:00,MediCore-Web-VM-01,NetworkOut,3447519,Bytes,,OK
23/07/2026 17:00,MediCore-Web-VM-01,FailedSSHAttempts,1,Count,,OK
23/07/2026 17:00,medicore-db,CPUUtilization,13.25,Percent,,OK
23/07/2026 18:00,MediCore-Web-VM-01,CPUUtilization,16.72,Percent,,OK
23/07/2026 18:00,MediCore-Web-VM-01,NetworkIn,3417394,Bytes,,OK
23/07/2026 18:00,MediCore-Web-VM-01,NetworkOut,1895424,Bytes,,OK
23/07/2026 18:00,MediCore-Web-VM-01,FailedSSHAttempts,0,Count,,OK
23/07/2026 18:00,medicore-db,CPUUtilization,16.16,Percent,,OK
23/07/2026 19:00,MediCore-Web-VM-01,CPUUtilization,4.9,Percent,,OK
23/07/2026 19:00,MediCore-Web-VM-01,NetworkIn,20836955,Bytes,High-NetworkIn-WebVM,ALARM
23/07/2026 19:00,MediCore-Web-VM-01,NetworkOut,33008,Bytes,,OK
23/07/2026 19:00,MediCore-Web-VM-01,FailedSSHAttempts,1,Count,,OK
23/07/2026 19:00,medicore-db,CPUUtilization,7.5,Percent,,OK
23/07/2026 20:00,MediCore-Web-VM-01,CPUUtilization,3.63,Percent,,OK
23/07/2026 20:00,MediCore-Web-VM-01,NetworkIn,1110023,Bytes,,OK
23/07/2026 20:00,MediCore-Web-VM-01,NetworkOut,0,Bytes,,OK
23/07/2026 20:00,MediCore-Web-VM-01,FailedSSHAttempts,0,Count,,OK
23/07/2026 20:00,medicore-db,CPUUtilization,32.1,Percent,,OK
23/07/2026 21:00,MediCore-Web-VM-01,CPUUtilization,11.26,Percent,,OK
23/07/2026 21:00,MediCore-Web-VM-01,NetworkIn,747640,Bytes,,OK
23/07/2026 21:00,MediCore-Web-VM-01,NetworkOut,1787655,Bytes,,OK
23/07/2026 21:00,MediCore-Web-VM-01,FailedSSHAttempts,0,Count,,OK
23/07/2026 21:00,medicore-db,CPUUtilization,5.4,Percent,,OK
23/07/2026 22:00,MediCore-Web-VM-01,CPUUtilization,13.96,Percent,,OK
23/07/2026 22:00,MediCore-Web-VM-01,NetworkIn,1105983,Bytes,,OK
23/07/2026 22:00,MediCore-Web-VM-01,NetworkOut,1305404,Bytes,,OK
23/07/2026 22:00,MediCore-Web-VM-01,FailedSSHAttempts,1,Count,,OK
23/07/2026 22:00,medicore-db,CPUUtilization,7.25,Percent,,OK
23/07/2026 23:00,MediCore-Web-VM-01,CPUUtilization,4.48,Percent,,OK
23/07/2026 23:00,MediCore-Web-VM-01,NetworkIn,19503897,Bytes,High-NetworkIn-WebVM,ALARM
23/07/2026 23:00,MediCore-Web-VM-01,NetworkOut,684921,Bytes,,OK
23/07/2026 23:00,MediCore-Web-VM-01,FailedSSHAttempts,1,Count,,OK
23/07/2026 23:00,medicore-db,CPUUtilization,12.45,Percent,,OK
24/07/2026 00:00,MediCore-Web-VM-01,CPUUtilization,17.55,Percent,,OK
24/07/2026 00:00,MediCore-Web-VM-01,NetworkIn,2523971,Bytes,,OK
24/07/2026 00:00,MediCore-Web-VM-01,NetworkOut,668951,Bytes,,OK
24/07/2026 00:00,MediCore-Web-VM-01,FailedSSHAttempts,0,Count,,OK
24/07/2026 00:00,medicore-db,CPUUtilization,4.45,Percent,,OK
24/07/2026 01:00,MediCore-Web-VM-01,CPUUtilization,14.08,Percent,,OK
24/07/2026 01:00,MediCore-Web-VM-01,NetworkIn,21286929,Bytes,High-NetworkIn-WebVM,ALARM
24/07/2026 01:00,MediCore-Web-VM-01,NetworkOut,719094,Bytes,,OK
24/07/2026 01:00,MediCore-Web-VM-01,FailedSSHAttempts,1,Count,,OK
24/07/2026 01:00,medicore-db,CPUUtilization,9.23,Percent,,OK
24/07/2026 02:00,MediCore-Web-VM-01,CPUUtilization,16.53,Percent,,OK
24/07/2026 02:00,MediCore-Web-VM-01,NetworkIn,122233,Bytes,,OK
24/07/2026 02:00,MediCore-Web-VM-01,NetworkOut,156861,Bytes,,OK
24/07/2026 02:00,MediCore-Web-VM-01,FailedSSHAttempts,0,Count,,OK
24/07/2026 02:00,medicore-db,CPUUtilization,8.69,Percent,,OK
24/07/2026 03:00,MediCore-Web-VM-01,CPUUtilization,26.94,Percent,,OK
24/07/2026 03:00,MediCore-Web-VM-01,NetworkIn,455618,Bytes,,OK
24/07/2026 03:00,MediCore-Web-VM-01,NetworkOut,463295,Bytes,,OK
24/07/2026 03:00,MediCore-Web-VM-01,FailedSSHAttempts,1,Count,,OK
24/07/2026 03:00,medicore-db,CPUUtilization,8.75,Percent,,OK
24/07/2026 04:00,MediCore-Web-VM-01,CPUUtilization,10.76,Percent,,OK
24/07/2026 04:00,MediCore-Web-VM-01,NetworkIn,2651857,Bytes,,OK
24/07/2026 04:00,MediCore-Web-VM-01,NetworkOut,440307,Bytes,,OK
24/07/2026 04:00,MediCore-Web-VM-01,FailedSSHAttempts,4,Count,Failed-SSH-Attempts,ALARM
24/07/2026 04:00,medicore-db,CPUUtilization,10.24,Percent,,OK
24/07/2026 05:00,MediCore-Web-VM-01,CPUUtilization,19.33,Percent,,OK
24/07/2026 05:00,MediCore-Web-VM-01,NetworkIn,1377617,Bytes,,OK
24/07/2026 05:00,MediCore-Web-VM-01,NetworkOut,1133846,Bytes,,OK
24/07/2026 05:00,MediCore-Web-VM-01,FailedSSHAttempts,0,Count,,OK
24/07/2026 05:00,medicore-db,CPUUtilization,7.68,Percent,,OK
24/07/2026 06:00,MediCore-Web-VM-01,CPUUtilization,23.35,Percent,,OK
24/07/2026 06:00,MediCore-Web-VM-01,NetworkIn,1463970,Bytes,,OK
24/07/2026 06:00,MediCore-Web-VM-01,NetworkOut,885368,Bytes,,OK
24/07/2026 06:00,MediCore-Web-VM-01,FailedSSHAttempts,1,Count,,OK
24/07/2026 06:00,medicore-db,CPUUtilization,6.97,Percent,,OK
24/07/2026 07:00,MediCore-Web-VM-01,CPUUtilization,24.86,Percent,,OK
24/07/2026 07:00,MediCore-Web-VM-01,NetworkIn,3101162,Bytes,,OK
24/07/2026 07:00,MediCore-Web-VM-01,NetworkOut,765140,Bytes,,OK
24/07/2026 07:00,MediCore-Web-VM-01,FailedSSHAttempts,0,Count,,OK
24/07/2026 07:00,medicore-db,CPUUtilization,5.82,Percent,,OK
24/07/2026 08:00,MediCore-Web-VM-01,CPUUtilization,36.73,Percent,,OK
24/07/2026 08:00,MediCore-Web-VM-01,NetworkIn,4816064,Bytes,,OK
24/07/2026 08:00,MediCore-Web-VM-01,NetworkOut,2897772,Bytes,,OK
24/07/2026 08:00,MediCore-Web-VM-01,FailedSSHAttempts,1,Count,,OK
24/07/2026 08:00,medicore-db,CPUUtilization,22.48,Percent,,OK
24/07/2026 09:00,MediCore-Web-VM-01,CPUUtilization,70.89,Percent,,OK
24/07/2026 09:00,MediCore-Web-VM-01,NetworkIn,4666372,Bytes,,OK
24/07/2026 09:00,MediCore-Web-VM-01,NetworkOut,3550577,Bytes,,OK
24/07/2026 09:00,MediCore-Web-VM-01,FailedSSHAttempts,0,Count,,OK
24/07/2026 09:00,medicore-db,CPUUtilization,18.58,Percent,,OK
24/07/2026 10:00,MediCore-Web-VM-01,CPUUtilization,26.53,Percent,,OK
24/07/2026 10:00,MediCore-Web-VM-01,NetworkIn,4667187,Bytes,,OK
24/07/2026 10:00,MediCore-Web-VM-01,NetworkOut,15635237,Bytes,High-NetworkOut-WebVM,ALARM
24/07/2026 10:00,MediCore-Web-VM-01,FailedSSHAttempts,1,Count,,OK
24/07/2026 10:00,medicore-db,CPUUtilization,50.92,Percent,,OK
24/07/2026 11:00,MediCore-Web-VM-01,CPUUtilization,32.59,Percent,,OK
24/07/2026 11:00,MediCore-Web-VM-01,NetworkIn,4246013,Bytes,,OK
24/07/2026 11:00,MediCore-Web-VM-01,NetworkOut,3535075,Bytes,,OK
24/07/2026 11:00,MediCore-Web-VM-01,FailedSSHAttempts,0,Count,,OK
24/07/2026 11:00,medicore-db,CPUUtilization,20.26,Percent,,OK
24/07/2026 12:00,MediCore-Web-VM-01,CPUUtilization,22.62,Percent,,OK
24/07/2026 12:00,MediCore-Web-VM-01,NetworkIn,2674469,Bytes,,OK
24/07/2026 12:00,MediCore-Web-VM-01,NetworkOut,3106646,Bytes,,OK
24/07/2026 12:00,MediCore-Web-VM-01,FailedSSHAttempts,0,Count,,OK
24/07/2026 12:00,medicore-db,CPUUtilization,17.57,Percent,,OK
24/07/2026 13:00,MediCore-Web-VM-01,CPUUtilization,15.37,Percent,,OK
24/07/2026 13:00,MediCore-Web-VM-01,NetworkIn,4580632,Bytes,,OK
24/07/2026 13:00,MediCore-Web-VM-01,NetworkOut,2903086,Bytes,,OK
24/07/2026 13:00,MediCore-Web-VM-01,FailedSSHAttempts,0,Count,,OK
24/07/2026 13:00,medicore-db,CPUUtilization,15.71,Percent,,OK
24/07/2026 14:00,MediCore-Web-VM-01,CPUUtilization,21.3,Percent,,OK
24/07/2026 14:00,MediCore-Web-VM-01,NetworkIn,1886341,Bytes,,OK
24/07/2026 14:00,MediCore-Web-VM-01,NetworkOut,3091924,Bytes,,OK
24/07/2026 14:00,MediCore-Web-VM-01,FailedSSHAttempts,0,Count,,OK
24/07/2026 14:00,medicore-db,CPUUtilization,18.83,Percent,,OK
24/07/2026 15:00,MediCore-Web-VM-01,CPUUtilization,22.96,Percent,,OK
24/07/2026 15:00,MediCore-Web-VM-01,NetworkIn,4742146,Bytes,,OK
24/07/2026 15:00,MediCore-Web-VM-01,NetworkOut,4379830,Bytes,,OK
24/07/2026 15:00,MediCore-Web-VM-01,FailedSSHAttempts,0,Count,,OK
24/07/2026 15:00,medicore-db,CPUUtilization,15.08,Percent,,OK
24/07/2026 16:00,MediCore-Web-VM-01,CPUUtilization,13.87,Percent,,OK
24/07/2026 16:00,MediCore-Web-VM-01,NetworkIn,20113501,Bytes,High-NetworkIn-WebVM,ALARM
24/07/2026 16:00,MediCore-Web-VM-01,NetworkOut,3560515,Bytes,,OK
24/07/2026 16:00,MediCore-Web-VM-01,FailedSSHAttempts,0,Count,,OK
24/07/2026 16:00,medicore-db,CPUUtilization,16.77,Percent,,OK
24/07/2026 17:00,MediCore-Web-VM-01,CPUUtilization,12.05,Percent,,OK
24/07/2026 17:00,MediCore-Web-VM-01,NetworkIn,4510079,Bytes,,OK
24/07/2026 17:00,MediCore-Web-VM-01,NetworkOut,2755901,Bytes,,OK
24/07/2026 17:00,MediCore-Web-VM-01,FailedSSHAttempts,1,Count,,OK
24/07/2026 17:00,medicore-db,CPUUtilization,21.38,Percent,,OK
24/07/2026 18:00,MediCore-Web-VM-01,CPUUtilization,17.95,Percent,,OK
24/07/2026 18:00,MediCore-Web-VM-01,NetworkIn,2292827,Bytes,,OK
24/07/2026 18:00,MediCore-Web-VM-01,NetworkOut,2932860,Bytes,,OK
24/07/2026 18:00,MediCore-Web-VM-01,FailedSSHAttempts,0,Count,,OK
24/07/2026 18:00,medicore-db,CPUUtilization,17.69,Percent,,OK
24/07/2026 19:00,MediCore-Web-VM-01,CPUUtilization,7.17,Percent,,OK
24/07/2026 19:00,MediCore-Web-VM-01,NetworkIn,1262060,Bytes,,OK
24/07/2026 19:00,MediCore-Web-VM-01,NetworkOut,998657,Bytes,,OK
24/07/2026 19:00,MediCore-Web-VM-01,FailedSSHAttempts,1,Count,,OK
24/07/2026 19:00,medicore-db,CPUUtilization,11.71,Percent,,OK
24/07/2026 20:00,MediCore-Web-VM-01,CPUUtilization,5.38,Percent,,OK
24/07/2026 20:00,MediCore-Web-VM-01,NetworkIn,190962,Bytes,,OK
24/07/2026 20:00,MediCore-Web-VM-01,NetworkOut,795273,Bytes,,OK
24/07/2026 20:00,MediCore-Web-VM-01,FailedSSHAttempts,0,Count,,OK
24/07/2026 20:00,medicore-db,CPUUtilization,7.63,Percent,,OK
24/07/2026 21:00,MediCore-Web-VM-01,CPUUtilization,11.1,Percent,,OK
24/07/2026 21:00,MediCore-Web-VM-01,NetworkIn,940586,Bytes,,OK
24/07/2026 21:00,MediCore-Web-VM-01,NetworkOut,1951903,Bytes,,OK
24/07/2026 21:00,MediCore-Web-VM-01,FailedSSHAttempts,1,Count,,OK
24/07/2026 21:00,medicore-db,CPUUtilization,7.04,Percent,,OK
24/07/2026 22:00,MediCore-Web-VM-01,CPUUtilization,8.88,Percent,,OK
24/07/2026 22:00,MediCore-Web-VM-01,NetworkIn,367411,Bytes,,OK
24/07/2026 22:00,MediCore-Web-VM-01,NetworkOut,1721336,Bytes,,OK
24/07/2026 22:00,MediCore-Web-VM-01,FailedSSHAttempts,1,Count,,OK
24/07/2026 22:00,medicore-db,CPUUtilization,5.29,Percent,,OK
24/07/2026 23:00,MediCore-Web-VM-01,CPUUtilization,1,Percent,,OK
24/07/2026 23:00,MediCore-Web-VM-01,NetworkIn,1039980,Bytes,,OK
24/07/2026 23:00,MediCore-Web-VM-01,NetworkOut,402825,Bytes,,OK
24/07/2026 23:00,MediCore-Web-VM-01,FailedSSHAttempts,2,Count,,OK
24/07/2026 23:00,medicore-db,CPUUtilization,34.04,Percent,,OK
25/07/2026 00:00,MediCore-Web-VM-01,CPUUtilization,12.11,Percent,,OK
25/07/2026 00:00,MediCore-Web-VM-01,NetworkIn,1700766,Bytes,,OK
25/07/2026 00:00,MediCore-Web-VM-01,NetworkOut,1259092,Bytes,,OK
25/07/2026 00:00,MediCore-Web-VM-01,FailedSSHAttempts,15,Count,Failed-SSH-Attempts,ALARM
25/07/2026 00:00,medicore-db,CPUUtilization,9.64,Percent,,OK
25/07/2026 01:00,MediCore-Web-VM-01,CPUUtilization,6.96,Percent,,OK
25/07/2026 01:00,MediCore-Web-VM-01,NetworkIn,355610,Bytes,,OK
25/07/2026 01:00,MediCore-Web-VM-01,NetworkOut,259865,Bytes,,OK
25/07/2026 01:00,MediCore-Web-VM-01,FailedSSHAttempts,2,Count,,OK
25/07/2026 01:00,medicore-db,CPUUtilization,3.94,Percent,,OK
25/07/2026 02:00,MediCore-Web-VM-01,CPUUtilization,22.14,Percent,,OK
25/07/2026 02:00,MediCore-Web-VM-01,NetworkIn,1459849,Bytes,,OK
25/07/2026 02:00,MediCore-Web-VM-01,NetworkOut,1476619,Bytes,,OK
25/07/2026 02:00,MediCore-Web-VM-01,FailedSSHAttempts,0,Count,,OK
25/07/2026 02:00,medicore-db,CPUUtilization,8.39,Percent,,OK
25/07/2026 03:00,MediCore-Web-VM-01,CPUUtilization,20.63,Percent,,OK
25/07/2026 03:00,MediCore-Web-VM-01,NetworkIn,1320815,Bytes,,OK
25/07/2026 03:00,MediCore-Web-VM-01,NetworkOut,678637,Bytes,,OK
25/07/2026 03:00,MediCore-Web-VM-01,FailedSSHAttempts,0,Count,,OK
25/07/2026 03:00,medicore-db,CPUUtilization,8.45,Percent,,OK
25/07/2026 04:00,MediCore-Web-VM-01,CPUUtilization,27.12,Percent,,OK
25/07/2026 04:00,MediCore-Web-VM-01,NetworkIn,1663736,Bytes,,OK
25/07/2026 04:00,MediCore-Web-VM-01,NetworkOut,466886,Bytes,,OK
25/07/2026 04:00,MediCore-Web-VM-01,FailedSSHAttempts,1,Count,,OK
25/07/2026 04:00,medicore-db,CPUUtilization,12.05,Percent,,OK
25/07/2026 05:00,MediCore-Web-VM-01,CPUUtilization,21.77,Percent,,OK
25/07/2026 05:00,MediCore-Web-VM-01,NetworkIn,1986004,Bytes,,OK
25/07/2026 05:00,MediCore-Web-VM-01,NetworkOut,1158771,Bytes,,OK
25/07/2026 05:00,MediCore-Web-VM-01,FailedSSHAttempts,2,Count,,OK
25/07/2026 05:00,medicore-db,CPUUtilization,9.13,Percent,,OK
25/07/2026 06:00,MediCore-Web-VM-01,CPUUtilization,24.25,Percent,,OK
25/07/2026 06:00,MediCore-Web-VM-01,NetworkIn,1129483,Bytes,,OK
25/07/2026 06:00,MediCore-Web-VM-01,NetworkOut,628064,Bytes,,OK
25/07/2026 06:00,MediCore-Web-VM-01,FailedSSHAttempts,3,Count,Failed-SSH-Attempts,ALARM
25/07/2026 06:00,medicore-db,CPUUtilization,8.6,Percent,,OK
25/07/2026 07:00,MediCore-Web-VM-01,CPUUtilization,23.07,Percent,,OK
25/07/2026 07:00,MediCore-Web-VM-01,NetworkIn,1961036,Bytes,,OK
25/07/2026 07:00,MediCore-Web-VM-01,NetworkOut,990919,Bytes,,OK
25/07/2026 07:00,MediCore-Web-VM-01,FailedSSHAttempts,1,Count,,OK
25/07/2026 07:00,medicore-db,CPUUtilization,12.71,Percent,,OK
25/07/2026 08:00,MediCore-Web-VM-01,CPUUtilization,8.78,Percent,,OK
25/07/2026 08:00,MediCore-Web-VM-01,NetworkIn,1179395,Bytes,,OK
25/07/2026 08:00,MediCore-Web-VM-01,NetworkOut,2039166,Bytes,,OK
25/07/2026 08:00,MediCore-Web-VM-01,FailedSSHAttempts,0,Count,,OK
25/07/2026 08:00,medicore-db,CPUUtilization,9.79,Percent,,OK
25/07/2026 09:00,MediCore-Web-VM-01,CPUUtilization,23.19,Percent,,OK
25/07/2026 09:00,MediCore-Web-VM-01,NetworkIn,1574599,Bytes,,OK
25/07/2026 09:00,MediCore-Web-VM-01,NetworkOut,1279693,Bytes,,OK
25/07/2026 09:00,MediCore-Web-VM-01,FailedSSHAttempts,0,Count,,OK
25/07/2026 09:00,medicore-db,CPUUtilization,7.76,Percent,,OK
25/07/2026 10:00,MediCore-Web-VM-01,CPUUtilization,16.54,Percent,,OK
25/07/2026 10:00,MediCore-Web-VM-01,NetworkIn,459770,Bytes,,OK
25/07/2026 10:00,MediCore-Web-VM-01,NetworkOut,525094,Bytes,,OK
25/07/2026 10:00,MediCore-Web-VM-01,FailedSSHAttempts,3,Count,Failed-SSH-Attempts,ALARM
25/07/2026 10:00,medicore-db,CPUUtilization,9.21,Percent,,OK
25/07/2026 11:00,MediCore-Web-VM-01,CPUUtilization,11.84,Percent,,OK
25/07/2026 11:00,MediCore-Web-VM-01,NetworkIn,1242225,Bytes,,OK
25/07/2026 11:00,MediCore-Web-VM-01,NetworkOut,238364,Bytes,,OK
25/07/2026 11:00,MediCore-Web-VM-01,FailedSSHAttempts,0,Count,,OK
25/07/2026 11:00,medicore-db,CPUUtilization,11.81,Percent,,OK
25/07/2026 12:00,MediCore-Web-VM-01,CPUUtilization,29.48,Percent,,OK
25/07/2026 12:00,MediCore-Web-VM-01,NetworkIn,1140805,Bytes,,OK
25/07/2026 12:00,MediCore-Web-VM-01,NetworkOut,563860,Bytes,,OK
25/07/2026 12:00,MediCore-Web-VM-01,FailedSSHAttempts,1,Count,,OK
25/07/2026 12:00,medicore-db,CPUUtilization,3.61,Percent,,OK
25/07/2026 13:00,MediCore-Web-VM-01,CPUUtilization,15.04,Percent,,OK
25/07/2026 13:00,MediCore-Web-VM-01,NetworkIn,1541015,Bytes,,OK
25/07/2026 13:00,MediCore-Web-VM-01,NetworkOut,1228762,Bytes,,OK
25/07/2026 13:00,MediCore-Web-VM-01,FailedSSHAttempts,0,Count,,OK
25/07/2026 13:00,medicore-db,CPUUtilization,7.18,Percent,,OK
25/07/2026 14:00,MediCore-Web-VM-01,CPUUtilization,5.18,Percent,,OK
25/07/2026 14:00,MediCore-Web-VM-01,NetworkIn,0,Bytes,,OK
25/07/2026 14:00,MediCore-Web-VM-01,NetworkOut,519177,Bytes,,OK
25/07/2026 14:00,MediCore-Web-VM-01,FailedSSHAttempts,0,Count,,OK
25/07/2026 14:00,medicore-db,CPUUtilization,3.62,Percent,,OK
25/07/2026 15:00,MediCore-Web-VM-01,CPUUtilization,3.35,Percent,,OK
25/07/2026 15:00,MediCore-Web-VM-01,NetworkIn,1278760,Bytes,,OK
25/07/2026 15:00,MediCore-Web-VM-01,NetworkOut,1391576,Bytes,,OK
25/07/2026 15:00,MediCore-Web-VM-01,FailedSSHAttempts,0,Count,,OK
25/07/2026 15:00,medicore-db,CPUUtilization,11.31,Percent,,OK
25/07/2026 16:00,MediCore-Web-VM-01,CPUUtilization,3.8,Percent,,OK
25/07/2026 16:00,MediCore-Web-VM-01,NetworkIn,1123716,Bytes,,OK
25/07/2026 16:00,MediCore-Web-VM-01,NetworkOut,1416981,Bytes,,OK
25/07/2026 16:00,MediCore-Web-VM-01,FailedSSHAttempts,0,Count,,OK
25/07/2026 16:00,medicore-db,CPUUtilization,7.05,Percent,,OK
25/07/2026 17:00,MediCore-Web-VM-01,CPUUtilization,1,Percent,,OK
25/07/2026 17:00,MediCore-Web-VM-01,NetworkIn,776855,Bytes,,OK
25/07/2026 17:00,MediCore-Web-VM-01,NetworkOut,875595,Bytes,,OK
25/07/2026 17:00,MediCore-Web-VM-01,FailedSSHAttempts,0,Count,,OK
25/07/2026 17:00,medicore-db,CPUUtilization,11.64,Percent,,OK
25/07/2026 18:00,MediCore-Web-VM-01,CPUUtilization,14.11,Percent,,OK
25/07/2026 18:00,MediCore-Web-VM-01,NetworkIn,593505,Bytes,,OK
25/07/2026 18:00,MediCore-Web-VM-01,NetworkOut,10597627,Bytes,High-NetworkOut-WebVM,ALARM
25/07/2026 18:00,MediCore-Web-VM-01,FailedSSHAttempts,1,Count,,OK
25/07/2026 18:00,medicore-db,CPUUtilization,10.57,Percent,,OK
25/07/2026 19:00,MediCore-Web-VM-01,CPUUtilization,7.88,Percent,,OK
25/07/2026 19:00,MediCore-Web-VM-01,NetworkIn,1613776,Bytes,,OK
25/07/2026 19:00,MediCore-Web-VM-01,NetworkOut,1598424,Bytes,,OK
25/07/2026 19:00,MediCore-Web-VM-01,FailedSSHAttempts,0,Count,,OK
25/07/2026 19:00,medicore-db,CPUUtilization,5.28,Percent,,OK
25/07/2026 20:00,MediCore-Web-VM-01,CPUUtilization,1.55,Percent,,OK
25/07/2026 20:00,MediCore-Web-VM-01,NetworkIn,1693755,Bytes,,OK
25/07/2026 20:00,MediCore-Web-VM-01,NetworkOut,524436,Bytes,,OK
25/07/2026 20:00,MediCore-Web-VM-01,FailedSSHAttempts,0,Count,,OK
25/07/2026 20:00,medicore-db,CPUUtilization,5.53,Percent,,OK
25/07/2026 21:00,MediCore-Web-VM-01,CPUUtilization,5.6,Percent,,OK
25/07/2026 21:00,MediCore-Web-VM-01,NetworkIn,0,Bytes,,OK
25/07/2026 21:00,MediCore-Web-VM-01,NetworkOut,753101,Bytes,,OK
25/07/2026 21:00,MediCore-Web-VM-01,FailedSSHAttempts,0,Count,,OK
25/07/2026 21:00,medicore-db,CPUUtilization,2.75,Percent,,OK
25/07/2026 22:00,MediCore-Web-VM-01,CPUUtilization,10.57,Percent,,OK
25/07/2026 22:00,MediCore-Web-VM-01,NetworkIn,355966,Bytes,,OK
25/07/2026 22:00,MediCore-Web-VM-01,NetworkOut,809496,Bytes,,OK
25/07/2026 22:00,MediCore-Web-VM-01,FailedSSHAttempts,1,Count,,OK
25/07/2026 22:00,medicore-db,CPUUtilization,10.88,Percent,,OK
25/07/2026 23:00,MediCore-Web-VM-01,CPUUtilization,7.32,Percent,,OK
25/07/2026 23:00,MediCore-Web-VM-01,NetworkIn,942242,Bytes,,OK
25/07/2026 23:00,MediCore-Web-VM-01,NetworkOut,670134,Bytes,,OK
25/07/2026 23:00,MediCore-Web-VM-01,FailedSSHAttempts,0,Count,,OK
25/07/2026 23:00,medicore-db,CPUUtilization,10.83,Percent,,OK
26/07/2026 00:00,MediCore-Web-VM-01,CPUUtilization,8.45,Percent,,OK
26/07/2026 00:00,MediCore-Web-VM-01,NetworkIn,2103982,Bytes,,OK
26/07/2026 00:00,MediCore-Web-VM-01,NetworkOut,0,Bytes,,OK
26/07/2026 00:00,MediCore-Web-VM-01,FailedSSHAttempts,0,Count,,OK
26/07/2026 00:00,medicore-db,CPUUtilization,13.63,Percent,,OK
26/07/2026 01:00,MediCore-Web-VM-01,CPUUtilization,15.87,Percent,,OK
26/07/2026 01:00,MediCore-Web-VM-01,NetworkIn,1292203,Bytes,,OK
26/07/2026 01:00,MediCore-Web-VM-01,NetworkOut,450569,Bytes,,OK
26/07/2026 01:00,MediCore-Web-VM-01,FailedSSHAttempts,2,Count,,OK
26/07/2026 01:00,medicore-db,CPUUtilization,7.03,Percent,,OK
26/07/2026 02:00,MediCore-Web-VM-01,CPUUtilization,11.82,Percent,,OK
26/07/2026 02:00,MediCore-Web-VM-01,NetworkIn,1331014,Bytes,,OK
26/07/2026 02:00,MediCore-Web-VM-01,NetworkOut,1014963,Bytes,,OK
26/07/2026 02:00,MediCore-Web-VM-01,FailedSSHAttempts,1,Count,,OK
26/07/2026 02:00,medicore-db,CPUUtilization,7.86,Percent,,OK
26/07/2026 03:00,MediCore-Web-VM-01,CPUUtilization,18.05,Percent,,OK
26/07/2026 03:00,MediCore-Web-VM-01,NetworkIn,1218937,Bytes,,OK
26/07/2026 03:00,MediCore-Web-VM-01,NetworkOut,950930,Bytes,,OK
26/07/2026 03:00,MediCore-Web-VM-01,FailedSSHAttempts,9,Count,Failed-SSH-Attempts,ALARM
26/07/2026 03:00,medicore-db,CPUUtilization,6.59,Percent,,OK
26/07/2026 04:00,MediCore-Web-VM-01,CPUUtilization,15.51,Percent,,OK
26/07/2026 04:00,MediCore-Web-VM-01,NetworkIn,759515,Bytes,,OK
26/07/2026 04:00,MediCore-Web-VM-01,NetworkOut,1666863,Bytes,,OK
26/07/2026 04:00,MediCore-Web-VM-01,FailedSSHAttempts,1,Count,,OK
26/07/2026 04:00,medicore-db,CPUUtilization,3.94,Percent,,OK
26/07/2026 05:00,MediCore-Web-VM-01,CPUUtilization,19.5,Percent,,OK
26/07/2026 05:00,MediCore-Web-VM-01,NetworkIn,2171080,Bytes,,OK
26/07/2026 05:00,MediCore-Web-VM-01,NetworkOut,1473311,Bytes,,OK
26/07/2026 05:00,MediCore-Web-VM-01,FailedSSHAttempts,2,Count,,OK
26/07/2026 05:00,medicore-db,CPUUtilization,7.51,Percent,,OK
26/07/2026 06:00,MediCore-Web-VM-01,CPUUtilization,19.46,Percent,,OK
26/07/2026 06:00,MediCore-Web-VM-01,NetworkIn,270179,Bytes,,OK
26/07/2026 06:00,MediCore-Web-VM-01,NetworkOut,938736,Bytes,,OK
26/07/2026 06:00,MediCore-Web-VM-01,FailedSSHAttempts,2,Count,,OK
26/07/2026 06:00,medicore-db,CPUUtilization,2.99,Percent,,OK
26/07/2026 07:00,MediCore-Web-VM-01,CPUUtilization,16.12,Percent,,OK
26/07/2026 07:00,MediCore-Web-VM-01,NetworkIn,0,Bytes,,OK
26/07/2026 07:00,MediCore-Web-VM-01,NetworkOut,835979,Bytes,,OK
26/07/2026 07:00,MediCore-Web-VM-01,FailedSSHAttempts,2,Count,,OK
26/07/2026 07:00,medicore-db,CPUUtilization,3.02,Percent,,OK
26/07/2026 08:00,MediCore-Web-VM-01,CPUUtilization,20.24,Percent,,OK
26/07/2026 08:00,MediCore-Web-VM-01,NetworkIn,2249007,Bytes,,OK
26/07/2026 08:00,MediCore-Web-VM-01,NetworkOut,16174032,Bytes,High-NetworkOut-WebVM,ALARM
26/07/2026 08:00,MediCore-Web-VM-01,FailedSSHAttempts,0,Count,,OK
26/07/2026 08:00,medicore-db,CPUUtilization,8.56,Percent,,OK
26/07/2026 09:00,MediCore-Web-VM-01,CPUUtilization,23.16,Percent,,OK
26/07/2026 09:00,MediCore-Web-VM-01,NetworkIn,1912363,Bytes,,OK
26/07/2026 09:00,MediCore-Web-VM-01,NetworkOut,1035747,Bytes,,OK
26/07/2026 09:00,MediCore-Web-VM-01,FailedSSHAttempts,0,Count,,OK
26/07/2026 09:00,medicore-db,CPUUtilization,12.61,Percent,,OK
26/07/2026 10:00,MediCore-Web-VM-01,CPUUtilization,19.76,Percent,,OK
26/07/2026 10:00,MediCore-Web-VM-01,NetworkIn,1933122,Bytes,,OK
26/07/2026 10:00,MediCore-Web-VM-01,NetworkOut,12314055,Bytes,High-NetworkOut-WebVM,ALARM
26/07/2026 10:00,MediCore-Web-VM-01,FailedSSHAttempts,0,Count,,OK
26/07/2026 10:00,medicore-db,CPUUtilization,9.02,Percent,,OK
26/07/2026 11:00,MediCore-Web-VM-01,CPUUtilization,14.04,Percent,,OK
26/07/2026 11:00,MediCore-Web-VM-01,NetworkIn,594926,Bytes,,OK
26/07/2026 11:00,MediCore-Web-VM-01,NetworkOut,829536,Bytes,,OK
26/07/2026 11:00,MediCore-Web-VM-01,FailedSSHAttempts,0,Count,,OK
26/07/2026 11:00,medicore-db,CPUUtilization,9.49,Percent,,OK
26/07/2026 12:00,MediCore-Web-VM-01,CPUUtilization,57.18,Percent,,OK
26/07/2026 12:00,MediCore-Web-VM-01,NetworkIn,295416,Bytes,,OK
26/07/2026 12:00,MediCore-Web-VM-01,NetworkOut,1244853,Bytes,,OK
26/07/2026 12:00,MediCore-Web-VM-01,FailedSSHAttempts,0,Count,,OK
26/07/2026 12:00,medicore-db,CPUUtilization,6.52,Percent,,OK
26/07/2026 13:00,MediCore-Web-VM-01,CPUUtilization,5.49,Percent,,OK
26/07/2026 13:00,MediCore-Web-VM-01,NetworkIn,1152975,Bytes,,OK
26/07/2026 13:00,MediCore-Web-VM-01,NetworkOut,542120,Bytes,,OK
26/07/2026 13:00,MediCore-Web-VM-01,FailedSSHAttempts,1,Count,,OK
26/07/2026 13:00,medicore-db,CPUUtilization,5.93,Percent,,OK
26/07/2026 14:00,MediCore-Web-VM-01,CPUUtilization,9.04,Percent,,OK
26/07/2026 14:00,MediCore-Web-VM-01,NetworkIn,219706,Bytes,,OK
26/07/2026 14:00,MediCore-Web-VM-01,NetworkOut,1003387,Bytes,,OK
26/07/2026 14:00,MediCore-Web-VM-01,FailedSSHAttempts,1,Count,,OK
26/07/2026 14:00,medicore-db,CPUUtilization,9.36,Percent,,OK
26/07/2026 15:00,MediCore-Web-VM-01,CPUUtilization,8.35,Percent,,OK
26/07/2026 15:00,MediCore-Web-VM-01,NetworkIn,649809,Bytes,,OK
26/07/2026 15:00,MediCore-Web-VM-01,NetworkOut,209477,Bytes,,OK
26/07/2026 15:00,MediCore-Web-VM-01,FailedSSHAttempts,1,Count,,OK
26/07/2026 15:00,medicore-db,CPUUtilization,7.37,Percent,,OK
26/07/2026 16:00,MediCore-Web-VM-01,CPUUtilization,7.49,Percent,,OK
26/07/2026 16:00,MediCore-Web-VM-01,NetworkIn,1576826,Bytes,,OK
26/07/2026 16:00,MediCore-Web-VM-01,NetworkOut,992123,Bytes,,OK
26/07/2026 16:00,MediCore-Web-VM-01,FailedSSHAttempts,0,Count,,OK
26/07/2026 16:00,medicore-db,CPUUtilization,4.95,Percent,,OK
26/07/2026 17:00,MediCore-Web-VM-01,CPUUtilization,1,Percent,,OK
26/07/2026 17:00,MediCore-Web-VM-01,NetworkIn,1376442,Bytes,,OK
26/07/2026 17:00,MediCore-Web-VM-01,NetworkOut,711933,Bytes,,OK
26/07/2026 17:00,MediCore-Web-VM-01,FailedSSHAttempts,0,Count,,OK
26/07/2026 17:00,medicore-db,CPUUtilization,8.01,Percent,,OK
26/07/2026 18:00,MediCore-Web-VM-01,CPUUtilization,4.71,Percent,,OK
26/07/2026 18:00,MediCore-Web-VM-01,NetworkIn,713949,Bytes,,OK
26/07/2026 18:00,MediCore-Web-VM-01,NetworkOut,1064989,Bytes,,OK
26/07/2026 18:00,MediCore-Web-VM-01,FailedSSHAttempts,0,Count,,OK
26/07/2026 18:00,medicore-db,CPUUtilization,4.88,Percent,,OK
26/07/2026 19:00,MediCore-Web-VM-01,CPUUtilization,1,Percent,,OK
26/07/2026 19:00,MediCore-Web-VM-01,NetworkIn,732350,Bytes,,OK
26/07/2026 19:00,MediCore-Web-VM-01,NetworkOut,1402767,Bytes,,OK
26/07/2026 19:00,MediCore-Web-VM-01,FailedSSHAttempts,0,Count,,OK
26/07/2026 19:00,medicore-db,CPUUtilization,9.6,Percent,,OK
26/07/2026 20:00,MediCore-Web-VM-01,CPUUtilization,6.88,Percent,,OK
26/07/2026 20:00,MediCore-Web-VM-01,NetworkIn,1945413,Bytes,,OK
26/07/2026 20:00,MediCore-Web-VM-01,NetworkOut,0,Bytes,,OK
26/07/2026 20:00,MediCore-Web-VM-01,FailedSSHAttempts,2,Count,,OK
26/07/2026 20:00,medicore-db,CPUUtilization,8.03,Percent,,OK
26/07/2026 21:00,MediCore-Web-VM-01,CPUUtilization,2.98,Percent,,OK
26/07/2026 21:00,MediCore-Web-VM-01,NetworkIn,508533,Bytes,,OK
26/07/2026 21:00,MediCore-Web-VM-01,NetworkOut,1167389,Bytes,,OK
26/07/2026 21:00,MediCore-Web-VM-01,FailedSSHAttempts,0,Count,,OK
26/07/2026 21:00,medicore-db,CPUUtilization,12.77,Percent,,OK
26/07/2026 22:00,MediCore-Web-VM-01,CPUUtilization,7.56,Percent,,OK
26/07/2026 22:00,MediCore-Web-VM-01,NetworkIn,1003286,Bytes,,OK
26/07/2026 22:00,MediCore-Web-VM-01,NetworkOut,1112483,Bytes,,OK
26/07/2026 22:00,MediCore-Web-VM-01,FailedSSHAttempts,0,Count,,OK
26/07/2026 22:00,medicore-db,CPUUtilization,13.23,Percent,,OK
26/07/2026 23:00,MediCore-Web-VM-01,CPUUtilization,2.32,Percent,,OK
26/07/2026 23:00,MediCore-Web-VM-01,NetworkIn,684109,Bytes,,OK
26/07/2026 23:00,MediCore-Web-VM-01,NetworkOut,550755,Bytes,,OK
26/07/2026 23:00,MediCore-Web-VM-01,FailedSSHAttempts,1,Count,,OK
26/07/2026 23:00,medicore-db,CPUUtilization,9.8,Percent,,OK
27/07/2026 00:00,MediCore-Web-VM-01,CPUUtilization,21.35,Percent,,OK
27/07/2026 00:00,MediCore-Web-VM-01,NetworkIn,0,Bytes,,OK
27/07/2026 00:00,MediCore-Web-VM-01,NetworkOut,901687,Bytes,,OK
27/07/2026 00:00,MediCore-Web-VM-01,FailedSSHAttempts,1,Count,,OK
27/07/2026 00:00,medicore-db,CPUUtilization,9.17,Percent,,OK
27/07/2026 01:00,MediCore-Web-VM-01,CPUUtilization,12.91,Percent,,OK
27/07/2026 01:00,MediCore-Web-VM-01,NetworkIn,869004,Bytes,,OK
27/07/2026 01:00,MediCore-Web-VM-01,NetworkOut,257784,Bytes,,OK
27/07/2026 01:00,MediCore-Web-VM-01,FailedSSHAttempts,6,Count,Failed-SSH-Attempts,ALARM
27/07/2026 01:00,medicore-db,CPUUtilization,5.63,Percent,,OK
27/07/2026 02:00,MediCore-Web-VM-01,CPUUtilization,19.09,Percent,,OK
27/07/2026 02:00,MediCore-Web-VM-01,NetworkIn,1708202,Bytes,,OK
27/07/2026 02:00,MediCore-Web-VM-01,NetworkOut,429677,Bytes,,OK
27/07/2026 02:00,MediCore-Web-VM-01,FailedSSHAttempts,2,Count,,OK
27/07/2026 02:00,medicore-db,CPUUtilization,10.59,Percent,,OK
27/07/2026 03:00,MediCore-Web-VM-01,CPUUtilization,17.34,Percent,,OK
27/07/2026 03:00,MediCore-Web-VM-01,NetworkIn,2132229,Bytes,,OK
27/07/2026 03:00,MediCore-Web-VM-01,NetworkOut,921936,Bytes,,OK
27/07/2026 03:00,MediCore-Web-VM-01,FailedSSHAttempts,0,Count,,OK
27/07/2026 03:00,medicore-db,CPUUtilization,7.18,Percent,,OK
27/07/2026 04:00,MediCore-Web-VM-01,CPUUtilization,16.18,Percent,,OK
27/07/2026 04:00,MediCore-Web-VM-01,NetworkIn,1600314,Bytes,,OK
27/07/2026 04:00,MediCore-Web-VM-01,NetworkOut,525608,Bytes,,OK
27/07/2026 04:00,MediCore-Web-VM-01,FailedSSHAttempts,2,Count,,OK
27/07/2026 04:00,medicore-db,CPUUtilization,5.98,Percent,,OK
27/07/2026 05:00,MediCore-Web-VM-01,CPUUtilization,21.32,Percent,,OK
27/07/2026 05:00,MediCore-Web-VM-01,NetworkIn,2282263,Bytes,,OK
27/07/2026 05:00,MediCore-Web-VM-01,NetworkOut,1305571,Bytes,,OK
27/07/2026 05:00,MediCore-Web-VM-01,FailedSSHAttempts,0,Count,,OK
27/07/2026 05:00,medicore-db,CPUUtilization,6.29,Percent,,OK
27/07/2026 06:00,MediCore-Web-VM-01,CPUUtilization,21.08,Percent,,OK
27/07/2026 06:00,MediCore-Web-VM-01,NetworkIn,2212336,Bytes,,OK
27/07/2026 06:00,MediCore-Web-VM-01,NetworkOut,205554,Bytes,,OK
27/07/2026 06:00,MediCore-Web-VM-01,FailedSSHAttempts,0,Count,,OK
27/07/2026 06:00,medicore-db,CPUUtilization,9.95,Percent,,OK
27/07/2026 07:00,MediCore-Web-VM-01,CPUUtilization,28.84,Percent,,OK
27/07/2026 07:00,MediCore-Web-VM-01,NetworkIn,13511526,Bytes,High-NetworkIn-WebVM,ALARM
27/07/2026 07:00,MediCore-Web-VM-01,NetworkOut,1286627,Bytes,,OK
27/07/2026 07:00,MediCore-Web-VM-01,FailedSSHAttempts,0,Count,,OK
27/07/2026 07:00,medicore-db,CPUUtilization,1.37,Percent,,OK
27/07/2026 08:00,MediCore-Web-VM-01,CPUUtilization,28.91,Percent,,OK
27/07/2026 08:00,MediCore-Web-VM-01,NetworkIn,3116845,Bytes,,OK
27/07/2026 08:00,MediCore-Web-VM-01,NetworkOut,3994904,Bytes,,OK
27/07/2026 08:00,MediCore-Web-VM-01,FailedSSHAttempts,0,Count,,OK
27/07/2026 08:00,medicore-db,CPUUtilization,13.17,Percent,,OK
27/07/2026 09:00,MediCore-Web-VM-01,CPUUtilization,29.33,Percent,,OK
27/07/2026 09:00,MediCore-Web-VM-01,NetworkIn,3121264,Bytes,,OK
27/07/2026 09:00,MediCore-Web-VM-01,NetworkOut,3176563,Bytes,,OK
27/07/2026 09:00,MediCore-Web-VM-01,FailedSSHAttempts,1,Count,,OK
27/07/2026 09:00,medicore-db,CPUUtilization,12.9,Percent,,OK
27/07/2026 10:00,MediCore-Web-VM-01,CPUUtilization,41.39,Percent,,OK
27/07/2026 10:00,MediCore-Web-VM-01,NetworkIn,4395980,Bytes,,OK
27/07/2026 10:00,MediCore-Web-VM-01,NetworkOut,2969634,Bytes,,OK
27/07/2026 10:00,MediCore-Web-VM-01,FailedSSHAttempts,0,Count,,OK
27/07/2026 10:00,medicore-db,CPUUtilization,22.26,Percent,,OK
27/07/2026 11:00,MediCore-Web-VM-01,CPUUtilization,24.52,Percent,,OK
27/07/2026 11:00,MediCore-Web-VM-01,NetworkIn,2764555,Bytes,,OK
27/07/2026 11:00,MediCore-Web-VM-01,NetworkOut,2853076,Bytes,,OK
27/07/2026 11:00,MediCore-Web-VM-01,FailedSSHAttempts,0,Count,,OK
27/07/2026 11:00,medicore-db,CPUUtilization,20.2,Percent,,OK
27/07/2026 12:00,MediCore-Web-VM-01,CPUUtilization,25.22,Percent,,OK
27/07/2026 12:00,MediCore-Web-VM-01,NetworkIn,4517514,Bytes,,OK
27/07/2026 12:00,MediCore-Web-VM-01,NetworkOut,3408169,Bytes,,OK
27/07/2026 12:00,MediCore-Web-VM-01,FailedSSHAttempts,0,Count,,OK
27/07/2026 12:00,medicore-db,CPUUtilization,21.92,Percent,,OK
27/07/2026 13:00,MediCore-Web-VM-01,CPUUtilization,28.09,Percent,,OK
27/07/2026 13:00,MediCore-Web-VM-01,NetworkIn,4260983,Bytes,,OK
27/07/2026 13:00,MediCore-Web-VM-01,NetworkOut,3235257,Bytes,,OK
27/07/2026 13:00,MediCore-Web-VM-01,FailedSSHAttempts,0,Count,,OK
27/07/2026 13:00,medicore-db,CPUUtilization,17.39,Percent,,OK
27/07/2026 14:00,MediCore-Web-VM-01,CPUUtilization,30.48,Percent,,OK
27/07/2026 14:00,MediCore-Web-VM-01,NetworkIn,4414389,Bytes,,OK
27/07/2026 14:00,MediCore-Web-VM-01,NetworkOut,3447504,Bytes,,OK
27/07/2026 14:00,MediCore-Web-VM-01,FailedSSHAttempts,2,Count,,OK
27/07/2026 14:00,medicore-db,CPUUtilization,15.83,Percent,,OK
27/07/2026 15:00,MediCore-Web-VM-01,CPUUtilization,18.86,Percent,,OK
27/07/2026 15:00,MediCore-Web-VM-01,NetworkIn,4120528,Bytes,,OK
27/07/2026 15:00,MediCore-Web-VM-01,NetworkOut,2966042,Bytes,,OK
27/07/2026 15:00,MediCore-Web-VM-01,FailedSSHAttempts,16,Count,Failed-SSH-Attempts,ALARM
27/07/2026 15:00,medicore-db,CPUUtilization,17.43,Percent,,OK
27/07/2026 16:00,MediCore-Web-VM-01,CPUUtilization,51.62,Percent,,OK
27/07/2026 16:00,MediCore-Web-VM-01,NetworkIn,4270765,Bytes,,OK
27/07/2026 16:00,MediCore-Web-VM-01,NetworkOut,3545490,Bytes,,OK
27/07/2026 16:00,MediCore-Web-VM-01,FailedSSHAttempts,1,Count,,OK
27/07/2026 16:00,medicore-db,CPUUtilization,20.08,Percent,,OK
27/07/2026 17:00,MediCore-Web-VM-01,CPUUtilization,25.18,Percent,,OK
27/07/2026 17:00,MediCore-Web-VM-01,NetworkIn,4492549,Bytes,,OK
27/07/2026 17:00,MediCore-Web-VM-01,NetworkOut,3079579,Bytes,,OK
27/07/2026 17:00,MediCore-Web-VM-01,FailedSSHAttempts,0,Count,,OK
27/07/2026 17:00,medicore-db,CPUUtilization,16.52,Percent,,OK
27/07/2026 18:00,MediCore-Web-VM-01,CPUUtilization,21.59,Percent,,OK
27/07/2026 18:00,MediCore-Web-VM-01,NetworkIn,3953699,Bytes,,OK
27/07/2026 18:00,MediCore-Web-VM-01,NetworkOut,2673454,Bytes,,OK
27/07/2026 18:00,MediCore-Web-VM-01,FailedSSHAttempts,0,Count,,OK
27/07/2026 18:00,medicore-db,CPUUtilization,19.65,Percent,,OK
27/07/2026 19:00,MediCore-Web-VM-01,CPUUtilization,2.35,Percent,,OK
27/07/2026 19:00,MediCore-Web-VM-01,NetworkIn,281822,Bytes,,OK
27/07/2026 19:00,MediCore-Web-VM-01,NetworkOut,1333816,Bytes,,OK
27/07/2026 19:00,MediCore-Web-VM-01,FailedSSHAttempts,1,Count,,OK
27/07/2026 19:00,medicore-db,CPUUtilization,4.17,Percent,,OK
27/07/2026 20:00,MediCore-Web-VM-01,CPUUtilization,13.28,Percent,,OK
27/07/2026 20:00,MediCore-Web-VM-01,NetworkIn,2287912,Bytes,,OK
27/07/2026 20:00,MediCore-Web-VM-01,NetworkOut,1326987,Bytes,,OK
27/07/2026 20:00,MediCore-Web-VM-01,FailedSSHAttempts,1,Count,,OK
27/07/2026 20:00,medicore-db,CPUUtilization,6.41,Percent,,OK
27/07/2026 21:00,MediCore-Web-VM-01,CPUUtilization,1,Percent,,OK
27/07/2026 21:00,MediCore-Web-VM-01,NetworkIn,1305777,Bytes,,OK
27/07/2026 21:00,MediCore-Web-VM-01,NetworkOut,1282638,Bytes,,OK
27/07/2026 21:00,MediCore-Web-VM-01,FailedSSHAttempts,0,Count,,OK
27/07/2026 21:00,medicore-db,CPUUtilization,7.06,Percent,,OK
27/07/2026 22:00,MediCore-Web-VM-01,CPUUtilization,2.96,Percent,,OK
27/07/2026 22:00,MediCore-Web-VM-01,NetworkIn,1432359,Bytes,,OK
27/07/2026 22:00,MediCore-Web-VM-01,NetworkOut,1299589,Bytes,,OK
27/07/2026 22:00,MediCore-Web-VM-01,FailedSSHAttempts,1,Count,,OK
27/07/2026 22:00,medicore-db,CPUUtilization,7.55,Percent,,OK
27/07/2026 23:00,MediCore-Web-VM-01,CPUUtilization,13.89,Percent,,OK
27/07/2026 23:00,MediCore-Web-VM-01,NetworkIn,1377215,Bytes,,OK
27/07/2026 23:00,MediCore-Web-VM-01,NetworkOut,1310172,Bytes,,OK
27/07/2026 23:00,MediCore-Web-VM-01,FailedSSHAttempts,1,Count,,OK
27/07/2026 23:00,medicore-db,CPUUtilization,6.11,Percent,,OK
28/07/2026 00:00,MediCore-Web-VM-01,CPUUtilization,13.72,Percent,,OK
28/07/2026 00:00,MediCore-Web-VM-01,NetworkIn,733601,Bytes,,OK
28/07/2026 00:00,MediCore-Web-VM-01,NetworkOut,811153,Bytes,,OK
28/07/2026 00:00,MediCore-Web-VM-01,FailedSSHAttempts,1,Count,,OK
28/07/2026 00:00,medicore-db,CPUUtilization,8.93,Percent,,OK
28/07/2026 01:00,MediCore-Web-VM-01,CPUUtilization,13.31,Percent,,OK
28/07/2026 01:00,MediCore-Web-VM-01,NetworkIn,1156765,Bytes,,OK
28/07/2026 01:00,MediCore-Web-VM-01,NetworkOut,1139720,Bytes,,OK
28/07/2026 01:00,MediCore-Web-VM-01,FailedSSHAttempts,1,Count,,OK
28/07/2026 01:00,medicore-db,CPUUtilization,7.28,Percent,,OK
28/07/2026 02:00,MediCore-Web-VM-01,CPUUtilization,15.09,Percent,,OK
28/07/2026 02:00,MediCore-Web-VM-01,NetworkIn,934416,Bytes,,OK
28/07/2026 02:00,MediCore-Web-VM-01,NetworkOut,1066032,Bytes,,OK
28/07/2026 02:00,MediCore-Web-VM-01,FailedSSHAttempts,0,Count,,OK
28/07/2026 02:00,medicore-db,CPUUtilization,6.26,Percent,,OK
28/07/2026 03:00,MediCore-Web-VM-01,CPUUtilization,9.48,Percent,,OK
28/07/2026 03:00,MediCore-Web-VM-01,NetworkIn,1365492,Bytes,,OK
28/07/2026 03:00,MediCore-Web-VM-01,NetworkOut,368491,Bytes,,OK
28/07/2026 03:00,MediCore-Web-VM-01,FailedSSHAttempts,1,Count,,OK
28/07/2026 03:00,medicore-db,CPUUtilization,7.55,Percent,,OK
28/07/2026 04:00,MediCore-Web-VM-01,CPUUtilization,20.26,Percent,,OK
28/07/2026 04:00,MediCore-Web-VM-01,NetworkIn,1118263,Bytes,,OK
28/07/2026 04:00,MediCore-Web-VM-01,NetworkOut,582221,Bytes,,OK
28/07/2026 04:00,MediCore-Web-VM-01,FailedSSHAttempts,3,Count,Failed-SSH-Attempts,ALARM
28/07/2026 04:00,medicore-db,CPUUtilization,5.5,Percent,,OK
28/07/2026 05:00,MediCore-Web-VM-01,CPUUtilization,27.78,Percent,,OK
28/07/2026 05:00,MediCore-Web-VM-01,NetworkIn,370947,Bytes,,OK
28/07/2026 05:00,MediCore-Web-VM-01,NetworkOut,650307,Bytes,,OK
28/07/2026 05:00,MediCore-Web-VM-01,FailedSSHAttempts,1,Count,,OK
28/07/2026 05:00,medicore-db,CPUUtilization,8.41,Percent,,OK
28/07/2026 06:00,MediCore-Web-VM-01,CPUUtilization,26.76,Percent,,OK
28/07/2026 06:00,MediCore-Web-VM-01,NetworkIn,2294022,Bytes,,OK
28/07/2026 06:00,MediCore-Web-VM-01,NetworkOut,763003,Bytes,,OK
28/07/2026 06:00,MediCore-Web-VM-01,FailedSSHAttempts,1,Count,,OK
28/07/2026 06:00,medicore-db,CPUUtilization,6.9,Percent,,OK
28/07/2026 07:00,MediCore-Web-VM-01,CPUUtilization,19.9,Percent,,OK
28/07/2026 07:00,MediCore-Web-VM-01,NetworkIn,0,Bytes,,OK
28/07/2026 07:00,MediCore-Web-VM-01,NetworkOut,1331895,Bytes,,OK
28/07/2026 07:00,MediCore-Web-VM-01,FailedSSHAttempts,1,Count,,OK
28/07/2026 07:00,medicore-db,CPUUtilization,16.05,Percent,,OK
28/07/2026 08:00,MediCore-Web-VM-01,CPUUtilization,31.62,Percent,,OK
28/07/2026 08:00,MediCore-Web-VM-01,NetworkIn,3226596,Bytes,,OK
28/07/2026 08:00,MediCore-Web-VM-01,NetworkOut,3110270,Bytes,,OK
28/07/2026 08:00,MediCore-Web-VM-01,FailedSSHAttempts,0,Count,,OK
28/07/2026 08:00,medicore-db,CPUUtilization,16.38,Percent,,OK
28/07/2026 09:00,MediCore-Web-VM-01,CPUUtilization,38.97,Percent,,OK
28/07/2026 09:00,MediCore-Web-VM-01,NetworkIn,3228395,Bytes,,OK
28/07/2026 09:00,MediCore-Web-VM-01,NetworkOut,3340679,Bytes,,OK
28/07/2026 09:00,MediCore-Web-VM-01,FailedSSHAttempts,0,Count,,OK
28/07/2026 09:00,medicore-db,CPUUtilization,18.58,Percent,,OK
28/07/2026 10:00,MediCore-Web-VM-01,CPUUtilization,33.67,Percent,,OK
28/07/2026 10:00,MediCore-Web-VM-01,NetworkIn,2539081,Bytes,,OK
28/07/2026 10:00,MediCore-Web-VM-01,NetworkOut,2707691,Bytes,,OK
28/07/2026 10:00,MediCore-Web-VM-01,FailedSSHAttempts,1,Count,,OK
28/07/2026 10:00,medicore-db,CPUUtilization,21.69,Percent,,OK
28/07/2026 11:00,MediCore-Web-VM-01,CPUUtilization,25.31,Percent,,OK
28/07/2026 11:00,MediCore-Web-VM-01,NetworkIn,5113713,Bytes,,OK
28/07/2026 11:00,MediCore-Web-VM-01,NetworkOut,2897115,Bytes,,OK
28/07/2026 11:00,MediCore-Web-VM-01,FailedSSHAttempts,0,Count,,OK
28/07/2026 11:00,medicore-db,CPUUtilization,15.8,Percent,,OK
28/07/2026 12:00,MediCore-Web-VM-01,CPUUtilization,31.86,Percent,,OK
28/07/2026 12:00,MediCore-Web-VM-01,NetworkIn,3580443,Bytes,,OK
28/07/2026 12:00,MediCore-Web-VM-01,NetworkOut,2444998,Bytes,,OK
28/07/2026 12:00,MediCore-Web-VM-01,FailedSSHAttempts,1,Count,,OK
28/07/2026 12:00,medicore-db,CPUUtilization,16.9,Percent,,OK
28/07/2026 13:00,MediCore-Web-VM-01,CPUUtilization,12.99,Percent,,OK
28/07/2026 13:00,MediCore-Web-VM-01,NetworkIn,3968141,Bytes,,OK
28/07/2026 13:00,MediCore-Web-VM-01,NetworkOut,2787881,Bytes,,OK
28/07/2026 13:00,MediCore-Web-VM-01,FailedSSHAttempts,0,Count,,OK
28/07/2026 13:00,medicore-db,CPUUtilization,23.17,Percent,,OK
28/07/2026 14:00,MediCore-Web-VM-01,CPUUtilization,13.41,Percent,,OK
28/07/2026 14:00,MediCore-Web-VM-01,NetworkIn,3684990,Bytes,,OK
28/07/2026 14:00,MediCore-Web-VM-01,NetworkOut,3628574,Bytes,,OK
28/07/2026 14:00,MediCore-Web-VM-01,FailedSSHAttempts,0,Count,,OK
28/07/2026 14:00,medicore-db,CPUUtilization,20.25,Percent,,OK
28/07/2026 15:00,MediCore-Web-VM-01,CPUUtilization,22.36,Percent,,OK
28/07/2026 15:00,MediCore-Web-VM-01,NetworkIn,4068647,Bytes,,OK
28/07/2026 15:00,MediCore-Web-VM-01,NetworkOut,3647935,Bytes,,OK
28/07/2026 15:00,MediCore-Web-VM-01,FailedSSHAttempts,0,Count,,OK
28/07/2026 15:00,medicore-db,CPUUtilization,23.55,Percent,,OK
28/07/2026 16:00,MediCore-Web-VM-01,CPUUtilization,17.8,Percent,,OK
28/07/2026 16:00,MediCore-Web-VM-01,NetworkIn,5104682,Bytes,,OK
28/07/2026 16:00,MediCore-Web-VM-01,NetworkOut,3492724,Bytes,,OK
28/07/2026 16:00,MediCore-Web-VM-01,FailedSSHAttempts,2,Count,,OK
28/07/2026 16:00,medicore-db,CPUUtilization,18.76,Percent,,OK
28/07/2026 17:00,MediCore-Web-VM-01,CPUUtilization,20.72,Percent,,OK
28/07/2026 17:00,MediCore-Web-VM-01,NetworkIn,3577213,Bytes,,OK
28/07/2026 17:00,MediCore-Web-VM-01,NetworkOut,2885225,Bytes,,OK
28/07/2026 17:00,MediCore-Web-VM-01,FailedSSHAttempts,0,Count,,OK
28/07/2026 17:00,medicore-db,CPUUtilization,22.42,Percent,,OK
28/07/2026 18:00,MediCore-Web-VM-01,CPUUtilization,19.2,Percent,,OK
28/07/2026 18:00,MediCore-Web-VM-01,NetworkIn,4226839,Bytes,,OK
28/07/2026 18:00,MediCore-Web-VM-01,NetworkOut,2426154,Bytes,,OK
28/07/2026 18:00,MediCore-Web-VM-01,FailedSSHAttempts,0,Count,,OK
28/07/2026 18:00,medicore-db,CPUUtilization,17.43,Percent,,OK
28/07/2026 19:00,MediCore-Web-VM-01,CPUUtilization,1.41,Percent,,OK
28/07/2026 19:00,MediCore-Web-VM-01,NetworkIn,1526669,Bytes,,OK
28/07/2026 19:00,MediCore-Web-VM-01,NetworkOut,1660503,Bytes,,OK
28/07/2026 19:00,MediCore-Web-VM-01,FailedSSHAttempts,17,Count,Failed-SSH-Attempts,ALARM
28/07/2026 19:00,medicore-db,CPUUtilization,3.11,Percent,,OK
28/07/2026 20:00,MediCore-Web-VM-01,CPUUtilization,1.36,Percent,,OK
28/07/2026 20:00,MediCore-Web-VM-01,NetworkIn,2089750,Bytes,,OK
28/07/2026 20:00,MediCore-Web-VM-01,NetworkOut,546441,Bytes,,OK
28/07/2026 20:00,MediCore-Web-VM-01,FailedSSHAttempts,0,Count,,OK
28/07/2026 20:00,medicore-db,CPUUtilization,9.73,Percent,,OK
28/07/2026 21:00,MediCore-Web-VM-01,CPUUtilization,5.67,Percent,,OK
28/07/2026 21:00,MediCore-Web-VM-01,NetworkIn,908693,Bytes,,OK
28/07/2026 21:00,MediCore-Web-VM-01,NetworkOut,1105424,Bytes,,OK
28/07/2026 21:00,MediCore-Web-VM-01,FailedSSHAttempts,2,Count,,OK
28/07/2026 21:00,medicore-db,CPUUtilization,8.23,Percent,,OK
28/07/2026 22:00,MediCore-Web-VM-01,CPUUtilization,12.76,Percent,,OK
28/07/2026 22:00,MediCore-Web-VM-01,NetworkIn,1230158,Bytes,,OK
28/07/2026 22:00,MediCore-Web-VM-01,NetworkOut,771724,Bytes,,OK
28/07/2026 22:00,MediCore-Web-VM-01,FailedSSHAttempts,2,Count,,OK
28/07/2026 22:00,medicore-db,CPUUtilization,13.47,Percent,,OK
28/07/2026 23:00,MediCore-Web-VM-01,CPUUtilization,13.48,Percent,,OK
28/07/2026 23:00,MediCore-Web-VM-01,NetworkIn,687920,Bytes,,OK
28/07/2026 23:00,MediCore-Web-VM-01,NetworkOut,775820,Bytes,,OK
28/07/2026 23:00,MediCore-Web-VM-01,FailedSSHAttempts,4,Count,Failed-SSH-Attempts,ALARM
28/07/2026 23:00,medicore-db,CPUUtilization,5.85,Percent,,OK
29/07/2026 00:00,MediCore-Web-VM-01,CPUUtilization,13.46,Percent,,OK
29/07/2026 00:00,MediCore-Web-VM-01,NetworkIn,878226,Bytes,,OK
29/07/2026 00:00,MediCore-Web-VM-01,NetworkOut,137132,Bytes,,OK
29/07/2026 00:00,MediCore-Web-VM-01,FailedSSHAttempts,1,Count,,OK
29/07/2026 00:00,medicore-db,CPUUtilization,9.13,Percent,,OK
29/07/2026 01:00,MediCore-Web-VM-01,CPUUtilization,7.06,Percent,,OK
29/07/2026 01:00,MediCore-Web-VM-01,NetworkIn,1491183,Bytes,,OK
29/07/2026 01:00,MediCore-Web-VM-01,NetworkOut,501003,Bytes,,OK
29/07/2026 01:00,MediCore-Web-VM-01,FailedSSHAttempts,0,Count,,OK
29/07/2026 01:00,medicore-db,CPUUtilization,8.38,Percent,,OK
29/07/2026 02:00,MediCore-Web-VM-01,CPUUtilization,14.56,Percent,,OK
29/07/2026 02:00,MediCore-Web-VM-01,NetworkIn,1397952,Bytes,,OK
29/07/2026 02:00,MediCore-Web-VM-01,NetworkOut,754644,Bytes,,OK
29/07/2026 02:00,MediCore-Web-VM-01,FailedSSHAttempts,1,Count,,OK
29/07/2026 02:00,medicore-db,CPUUtilization,9.26,Percent,,OK
29/07/2026 03:00,MediCore-Web-VM-01,CPUUtilization,26.54,Percent,,OK
29/07/2026 03:00,MediCore-Web-VM-01,NetworkIn,826686,Bytes,,OK
29/07/2026 03:00,MediCore-Web-VM-01,NetworkOut,1012849,Bytes,,OK
29/07/2026 03:00,MediCore-Web-VM-01,FailedSSHAttempts,2,Count,,OK
29/07/2026 03:00,medicore-db,CPUUtilization,9.31,Percent,,OK
29/07/2026 04:00,MediCore-Web-VM-01,CPUUtilization,12.98,Percent,,OK
29/07/2026 04:00,MediCore-Web-VM-01,NetworkIn,695709,Bytes,,OK
29/07/2026 04:00,MediCore-Web-VM-01,NetworkOut,518858,Bytes,,OK
29/07/2026 04:00,MediCore-Web-VM-01,FailedSSHAttempts,0,Count,,OK
29/07/2026 04:00,medicore-db,CPUUtilization,11.27,Percent,,OK
29/07/2026 05:00,MediCore-Web-VM-01,CPUUtilization,15.54,Percent,,OK
29/07/2026 05:00,MediCore-Web-VM-01,NetworkIn,1118573,Bytes,,OK
29/07/2026 05:00,MediCore-Web-VM-01,NetworkOut,753840,Bytes,,OK
29/07/2026 05:00,MediCore-Web-VM-01,FailedSSHAttempts,3,Count,Failed-SSH-Attempts,ALARM
29/07/2026 05:00,medicore-db,CPUUtilization,10.03,Percent,,OK
29/07/2026 06:00,MediCore-Web-VM-01,CPUUtilization,17.48,Percent,,OK
29/07/2026 06:00,MediCore-Web-VM-01,NetworkIn,893218,Bytes,,OK
29/07/2026 06:00,MediCore-Web-VM-01,NetworkOut,630920,Bytes,,OK
29/07/2026 06:00,MediCore-Web-VM-01,FailedSSHAttempts,0,Count,,OK
29/07/2026 06:00,medicore-db,CPUUtilization,5.88,Percent,,OK
29/07/2026 07:00,MediCore-Web-VM-01,CPUUtilization,26.13,Percent,,OK
29/07/2026 07:00,MediCore-Web-VM-01,NetworkIn,137724,Bytes,,OK
29/07/2026 07:00,MediCore-Web-VM-01,NetworkOut,401982,Bytes,,OK
29/07/2026 07:00,MediCore-Web-VM-01,FailedSSHAttempts,0,Count,,OK
29/07/2026 07:00,medicore-db,CPUUtilization,6.51,Percent,,OK
29/07/2026 08:00,MediCore-Web-VM-01,CPUUtilization,32.22,Percent,,OK
29/07/2026 08:00,MediCore-Web-VM-01,NetworkIn,4177980,Bytes,,OK
29/07/2026 08:00,MediCore-Web-VM-01,NetworkOut,2813955,Bytes,,OK
29/07/2026 08:00,MediCore-Web-VM-01,FailedSSHAttempts,0,Count,,OK
29/07/2026 08:00,medicore-db,CPUUtilization,22.05,Percent,,OK
29/07/2026 09:00,MediCore-Web-VM-01,CPUUtilization,35.57,Percent,,OK
29/07/2026 09:00,MediCore-Web-VM-01,NetworkIn,4875668,Bytes,,OK
29/07/2026 09:00,MediCore-Web-VM-01,NetworkOut,3113114,Bytes,,OK
29/07/2026 09:00,MediCore-Web-VM-01,FailedSSHAttempts,0,Count,,OK
29/07/2026 09:00,medicore-db,CPUUtilization,17.16,Percent,,OK
29/07/2026 10:00,MediCore-Web-VM-01,CPUUtilization,33.26,Percent,,OK
29/07/2026 10:00,MediCore-Web-VM-01,NetworkIn,3782743,Bytes,,OK
29/07/2026 10:00,MediCore-Web-VM-01,NetworkOut,2515535,Bytes,,OK
29/07/2026 10:00,MediCore-Web-VM-01,FailedSSHAttempts,0,Count,,OK
29/07/2026 10:00,medicore-db,CPUUtilization,16.9,Percent,,OK
29/07/2026 11:00,MediCore-Web-VM-01,CPUUtilization,27.7,Percent,,OK
29/07/2026 11:00,MediCore-Web-VM-01,NetworkIn,3862434,Bytes,,OK
29/07/2026 11:00,MediCore-Web-VM-01,NetworkOut,3474586,Bytes,,OK
29/07/2026 11:00,MediCore-Web-VM-01,FailedSSHAttempts,0,Count,,OK
29/07/2026 11:00,medicore-db,CPUUtilization,13.91,Percent,,OK
29/07/2026 12:00,MediCore-Web-VM-01,CPUUtilization,17.26,Percent,,OK
29/07/2026 12:00,MediCore-Web-VM-01,NetworkIn,3248092,Bytes,,OK
29/07/2026 12:00,MediCore-Web-VM-01,NetworkOut,3641324,Bytes,,OK
29/07/2026 12:00,MediCore-Web-VM-01,FailedSSHAttempts,0,Count,,OK
29/07/2026 12:00,medicore-db,CPUUtilization,23.94,Percent,,OK
29/07/2026 13:00,MediCore-Web-VM-01,CPUUtilization,23.22,Percent,,OK
29/07/2026 13:00,MediCore-Web-VM-01,NetworkIn,3245024,Bytes,,OK
29/07/2026 13:00,MediCore-Web-VM-01,NetworkOut,2552531,Bytes,,OK
29/07/2026 13:00,MediCore-Web-VM-01,FailedSSHAttempts,0,Count,,OK
29/07/2026 13:00,medicore-db,CPUUtilization,17.81,Percent,,OK
29/07/2026 14:00,MediCore-Web-VM-01,CPUUtilization,61.22,Percent,,OK
29/07/2026 14:00,MediCore-Web-VM-01,NetworkIn,3230656,Bytes,,OK
29/07/2026 14:00,MediCore-Web-VM-01,NetworkOut,2593957,Bytes,,OK
29/07/2026 14:00,MediCore-Web-VM-01,FailedSSHAttempts,14,Count,Failed-SSH-Attempts,ALARM
29/07/2026 14:00,medicore-db,CPUUtilization,13.83,Percent,,OK
29/07/2026 15:00,MediCore-Web-VM-01,CPUUtilization,23.69,Percent,,OK
29/07/2026 15:00,MediCore-Web-VM-01,NetworkIn,4592739,Bytes,,OK
29/07/2026 15:00,MediCore-Web-VM-01,NetworkOut,1936386,Bytes,,OK
29/07/2026 15:00,MediCore-Web-VM-01,FailedSSHAttempts,1,Count,,OK
29/07/2026 15:00,medicore-db,CPUUtilization,14.94,Percent,,OK
29/07/2026 16:00,MediCore-Web-VM-01,CPUUtilization,20.52,Percent,,OK
29/07/2026 16:00,MediCore-Web-VM-01,NetworkIn,2610177,Bytes,,OK
29/07/2026 16:00,MediCore-Web-VM-01,NetworkOut,2694988,Bytes,,OK
29/07/2026 16:00,MediCore-Web-VM-01,FailedSSHAttempts,0,Count,,OK
29/07/2026 16:00,medicore-db,CPUUtilization,16.35,Percent,,OK
29/07/2026 17:00,MediCore-Web-VM-01,CPUUtilization,16.29,Percent,,OK
29/07/2026 17:00,MediCore-Web-VM-01,NetworkIn,4471192,Bytes,,OK
29/07/2026 17:00,MediCore-Web-VM-01,NetworkOut,1814873,Bytes,,OK
29/07/2026 17:00,MediCore-Web-VM-01,FailedSSHAttempts,0,Count,,OK
29/07/2026 17:00,medicore-db,CPUUtilization,16.03,Percent,,OK
29/07/2026 18:00,MediCore-Web-VM-01,CPUUtilization,15.14,Percent,,OK
29/07/2026 18:00,MediCore-Web-VM-01,NetworkIn,5188665,Bytes,,OK
29/07/2026 18:00,MediCore-Web-VM-01,NetworkOut,2567464,Bytes,,OK
29/07/2026 18:00,MediCore-Web-VM-01,FailedSSHAttempts,0,Count,,OK
29/07/2026 18:00,medicore-db,CPUUtilization,17.49,Percent,,OK
29/07/2026 19:00,MediCore-Web-VM-01,CPUUtilization,4.97,Percent,,OK
29/07/2026 19:00,MediCore-Web-VM-01,NetworkIn,981238,Bytes,,OK
29/07/2026 19:00,MediCore-Web-VM-01,NetworkOut,1205011,Bytes,,OK
29/07/2026 19:00,MediCore-Web-VM-01,FailedSSHAttempts,0,Count,,OK
29/07/2026 19:00,medicore-db,CPUUtilization,4.59,Percent,,OK
29/07/2026 20:00,MediCore-Web-VM-01,CPUUtilization,5.92,Percent,,OK
29/07/2026 20:00,MediCore-Web-VM-01,NetworkIn,1537248,Bytes,,OK
29/07/2026 20:00,MediCore-Web-VM-01,NetworkOut,552069,Bytes,,OK
29/07/2026 20:00,MediCore-Web-VM-01,FailedSSHAttempts,0,Count,,OK
29/07/2026 20:00,medicore-db,CPUUtilization,10.92,Percent,,OK
29/07/2026 21:00,MediCore-Web-VM-01,CPUUtilization,7.96,Percent,,OK
29/07/2026 21:00,MediCore-Web-VM-01,NetworkIn,1003811,Bytes,,OK
29/07/2026 21:00,MediCore-Web-VM-01,NetworkOut,0,Bytes,,OK
29/07/2026 21:00,MediCore-Web-VM-01,FailedSSHAttempts,0,Count,,OK
29/07/2026 21:00,medicore-db,CPUUtilization,11.35,Percent,,OK
29/07/2026 22:00,MediCore-Web-VM-01,CPUUtilization,12.72,Percent,,OK
29/07/2026 22:00,MediCore-Web-VM-01,NetworkIn,1849631,Bytes,,OK
29/07/2026 22:00,MediCore-Web-VM-01,NetworkOut,1171414,Bytes,,OK
29/07/2026 22:00,MediCore-Web-VM-01,FailedSSHAttempts,0,Count,,OK
29/07/2026 22:00,medicore-db,CPUUtilization,8.63,Percent,,OK
29/07/2026 23:00,MediCore-Web-VM-01,CPUUtilization,12.73,Percent,,OK
29/07/2026 23:00,MediCore-Web-VM-01,NetworkIn,882825,Bytes,,OK
29/07/2026 23:00,MediCore-Web-VM-01,NetworkOut,1347361,Bytes,,OK
29/07/2026 23:00,MediCore-Web-VM-01,FailedSSHAttempts,2,Count,,OK
29/07/2026 23:00,medicore-db,CPUUtilization,5.83,Percent,,OK
30/07/2026 00:00,MediCore-Web-VM-01,CPUUtilization,16.59,Percent,,OK
30/07/2026 00:00,MediCore-Web-VM-01,NetworkIn,1633041,Bytes,,OK
30/07/2026 00:00,MediCore-Web-VM-01,NetworkOut,241864,Bytes,,OK
30/07/2026 00:00,MediCore-Web-VM-01,FailedSSHAttempts,0,Count,,OK
30/07/2026 00:00,medicore-db,CPUUtilization,5.7,Percent,,OK
30/07/2026 01:00,MediCore-Web-VM-01,CPUUtilization,19.95,Percent,,OK
30/07/2026 01:00,MediCore-Web-VM-01,NetworkIn,999681,Bytes,,OK
30/07/2026 01:00,MediCore-Web-VM-01,NetworkOut,0,Bytes,,OK
30/07/2026 01:00,MediCore-Web-VM-01,FailedSSHAttempts,1,Count,,OK
30/07/2026 01:00,medicore-db,CPUUtilization,8.98,Percent,,OK
30/07/2026 02:00,MediCore-Web-VM-01,CPUUtilization,11.65,Percent,,OK
30/07/2026 02:00,MediCore-Web-VM-01,NetworkIn,1905210,Bytes,,OK
30/07/2026 02:00,MediCore-Web-VM-01,NetworkOut,272538,Bytes,,OK
30/07/2026 02:00,MediCore-Web-VM-01,FailedSSHAttempts,3,Count,Failed-SSH-Attempts,ALARM
30/07/2026 02:00,medicore-db,CPUUtilization,13.73,Percent,,OK
30/07/2026 03:00,MediCore-Web-VM-01,CPUUtilization,20.05,Percent,,OK
30/07/2026 03:00,MediCore-Web-VM-01,NetworkIn,452655,Bytes,,OK
30/07/2026 03:00,MediCore-Web-VM-01,NetworkOut,760215,Bytes,,OK
30/07/2026 03:00,MediCore-Web-VM-01,FailedSSHAttempts,3,Count,Failed-SSH-Attempts,ALARM
30/07/2026 03:00,medicore-db,CPUUtilization,5.61,Percent,,OK
30/07/2026 04:00,MediCore-Web-VM-01,CPUUtilization,22.5,Percent,,OK
30/07/2026 04:00,MediCore-Web-VM-01,NetworkIn,1656852,Bytes,,OK
30/07/2026 04:00,MediCore-Web-VM-01,NetworkOut,331156,Bytes,,OK
30/07/2026 04:00,MediCore-Web-VM-01,FailedSSHAttempts,0,Count,,OK
30/07/2026 04:00,medicore-db,CPUUtilization,32.52,Percent,,OK
30/07/2026 05:00,MediCore-Web-VM-01,CPUUtilization,27.48,Percent,,OK
30/07/2026 05:00,MediCore-Web-VM-01,NetworkIn,667867,Bytes,,OK
30/07/2026 05:00,MediCore-Web-VM-01,NetworkOut,1043566,Bytes,,OK
30/07/2026 05:00,MediCore-Web-VM-01,FailedSSHAttempts,20,Count,Failed-SSH-Attempts,ALARM
30/07/2026 05:00,medicore-db,CPUUtilization,4.26,Percent,,OK
30/07/2026 06:00,MediCore-Web-VM-01,CPUUtilization,24.92,Percent,,OK
30/07/2026 06:00,MediCore-Web-VM-01,NetworkIn,2132532,Bytes,,OK
30/07/2026 06:00,MediCore-Web-VM-01,NetworkOut,1013295,Bytes,,OK
30/07/2026 06:00,MediCore-Web-VM-01,FailedSSHAttempts,1,Count,,OK
30/07/2026 06:00,medicore-db,CPUUtilization,2.29,Percent,,OK
30/07/2026 07:00,MediCore-Web-VM-01,CPUUtilization,16,Percent,,OK
30/07/2026 07:00,MediCore-Web-VM-01,NetworkIn,1154139,Bytes,,OK
30/07/2026 07:00,MediCore-Web-VM-01,NetworkOut,1063930,Bytes,,OK
30/07/2026 07:00,MediCore-Web-VM-01,FailedSSHAttempts,1,Count,,OK
30/07/2026 07:00,medicore-db,CPUUtilization,7.81,Percent,,OK
30/07/2026 08:00,MediCore-Web-VM-01,CPUUtilization,24.72,Percent,,OK
30/07/2026 08:00,MediCore-Web-VM-01,NetworkIn,5160745,Bytes,,OK
30/07/2026 08:00,MediCore-Web-VM-01,NetworkOut,3393146,Bytes,,OK
30/07/2026 08:00,MediCore-Web-VM-01,FailedSSHAttempts,0,Count,,OK
30/07/2026 08:00,medicore-db,CPUUtilization,17.23,Percent,,OK
30/07/2026 09:00,MediCore-Web-VM-01,CPUUtilization,25.18,Percent,,OK
30/07/2026 09:00,MediCore-Web-VM-01,NetworkIn,4475658,Bytes,,OK
30/07/2026 09:00,MediCore-Web-VM-01,NetworkOut,3548353,Bytes,,OK
30/07/2026 09:00,MediCore-Web-VM-01,FailedSSHAttempts,0,Count,,OK
30/07/2026 09:00,medicore-db,CPUUtilization,19.41,Percent,,OK
30/07/2026 10:00,MediCore-Web-VM-01,CPUUtilization,27.3,Percent,,OK
30/07/2026 10:00,MediCore-Web-VM-01,NetworkIn,3312848,Bytes,,OK
30/07/2026 10:00,MediCore-Web-VM-01,NetworkOut,2470739,Bytes,,OK
30/07/2026 10:00,MediCore-Web-VM-01,FailedSSHAttempts,0,Count,,OK
30/07/2026 10:00,medicore-db,CPUUtilization,15.83,Percent,,OK
30/07/2026 11:00,MediCore-Web-VM-01,CPUUtilization,28.47,Percent,,OK
30/07/2026 11:00,MediCore-Web-VM-01,NetworkIn,4266138,Bytes,,OK
30/07/2026 11:00,MediCore-Web-VM-01,NetworkOut,2910196,Bytes,,OK
30/07/2026 11:00,MediCore-Web-VM-01,FailedSSHAttempts,0,Count,,OK
30/07/2026 11:00,medicore-db,CPUUtilization,19.32,Percent,,OK
30/07/2026 12:00,MediCore-Web-VM-01,CPUUtilization,21.17,Percent,,OK
30/07/2026 12:00,MediCore-Web-VM-01,NetworkIn,3510477,Bytes,,OK
30/07/2026 12:00,MediCore-Web-VM-01,NetworkOut,3581229,Bytes,,OK
30/07/2026 12:00,MediCore-Web-VM-01,FailedSSHAttempts,0,Count,,OK
30/07/2026 12:00,medicore-db,CPUUtilization,19.28,Percent,,OK
30/07/2026 13:00,MediCore-Web-VM-01,CPUUtilization,26.55,Percent,,OK
30/07/2026 13:00,MediCore-Web-VM-01,NetworkIn,4572689,Bytes,,OK
30/07/2026 13:00,MediCore-Web-VM-01,NetworkOut,1946574,Bytes,,OK
30/07/2026 13:00,MediCore-Web-VM-01,FailedSSHAttempts,0,Count,,OK
30/07/2026 13:00,medicore-db,CPUUtilization,18.56,Percent,,OK
30/07/2026 14:00,MediCore-Web-VM-01,CPUUtilization,20.29,Percent,,OK
30/07/2026 14:00,MediCore-Web-VM-01,NetworkIn,3999197,Bytes,,OK
30/07/2026 14:00,MediCore-Web-VM-01,NetworkOut,2638966,Bytes,,OK
30/07/2026 14:00,MediCore-Web-VM-01,FailedSSHAttempts,2,Count,,OK
30/07/2026 14:00,medicore-db,CPUUtilization,22.02,Percent,,OK
30/07/2026 15:00,MediCore-Web-VM-01,CPUUtilization,14.87,Percent,,OK
30/07/2026 15:00,MediCore-Web-VM-01,NetworkIn,5107189,Bytes,,OK
30/07/2026 15:00,MediCore-Web-VM-01,NetworkOut,2708218,Bytes,,OK
30/07/2026 15:00,MediCore-Web-VM-01,FailedSSHAttempts,0,Count,,OK
30/07/2026 15:00,medicore-db,CPUUtilization,24.66,Percent,,OK
30/07/2026 16:00,MediCore-Web-VM-01,CPUUtilization,12.36,Percent,,OK
30/07/2026 16:00,MediCore-Web-VM-01,NetworkIn,22877351,Bytes,High-NetworkIn-WebVM,ALARM
30/07/2026 16:00,MediCore-Web-VM-01,NetworkOut,2536243,Bytes,,OK
30/07/2026 16:00,MediCore-Web-VM-01,FailedSSHAttempts,0,Count,,OK
30/07/2026 16:00,medicore-db,CPUUtilization,18.19,Percent,,OK
30/07/2026 17:00,MediCore-Web-VM-01,CPUUtilization,12.49,Percent,,OK
30/07/2026 17:00,MediCore-Web-VM-01,NetworkIn,4190761,Bytes,,OK
30/07/2026 17:00,MediCore-Web-VM-01,NetworkOut,2070110,Bytes,,OK
30/07/2026 17:00,MediCore-Web-VM-01,FailedSSHAttempts,0,Count,,OK
30/07/2026 17:00,medicore-db,CPUUtilization,17.22,Percent,,OK
30/07/2026 18:00,MediCore-Web-VM-01,CPUUtilization,16.79,Percent,,OK
30/07/2026 18:00,MediCore-Web-VM-01,NetworkIn,4341946,Bytes,,OK
30/07/2026 18:00,MediCore-Web-VM-01,NetworkOut,4180805,Bytes,,OK
30/07/2026 18:00,MediCore-Web-VM-01,FailedSSHAttempts,0,Count,,OK
30/07/2026 18:00,medicore-db,CPUUtilization,21.06,Percent,,OK
30/07/2026 19:00,MediCore-Web-VM-01,CPUUtilization,7.48,Percent,,OK
30/07/2026 19:00,MediCore-Web-VM-01,NetworkIn,524337,Bytes,,OK
30/07/2026 19:00,MediCore-Web-VM-01,NetworkOut,594365,Bytes,,OK
30/07/2026 19:00,MediCore-Web-VM-01,FailedSSHAttempts,1,Count,,OK
30/07/2026 19:00,medicore-db,CPUUtilization,6.04,Percent,,OK
30/07/2026 20:00,MediCore-Web-VM-01,CPUUtilization,9.68,Percent,,OK
30/07/2026 20:00,MediCore-Web-VM-01,NetworkIn,1569962,Bytes,,OK
30/07/2026 20:00,MediCore-Web-VM-01,NetworkOut,1540696,Bytes,,OK
30/07/2026 20:00,MediCore-Web-VM-01,FailedSSHAttempts,0,Count,,OK
30/07/2026 20:00,medicore-db,CPUUtilization,9.3,Percent,,OK
30/07/2026 21:00,MediCore-Web-VM-01,CPUUtilization,1,Percent,,OK
30/07/2026 21:00,MediCore-Web-VM-01,NetworkIn,1075805,Bytes,,OK
30/07/2026 21:00,MediCore-Web-VM-01,NetworkOut,222235,Bytes,,OK
30/07/2026 21:00,MediCore-Web-VM-01,FailedSSHAttempts,1,Count,,OK
30/07/2026 21:00,medicore-db,CPUUtilization,10.61,Percent,,OK
30/07/2026 22:00,MediCore-Web-VM-01,CPUUtilization,3.8,Percent,,OK
30/07/2026 22:00,MediCore-Web-VM-01,NetworkIn,11701872,Bytes,High-NetworkIn-WebVM,ALARM
30/07/2026 22:00,MediCore-Web-VM-01,NetworkOut,144884,Bytes,,OK
30/07/2026 22:00,MediCore-Web-VM-01,FailedSSHAttempts,0,Count,,OK
30/07/2026 22:00,medicore-db,CPUUtilization,5.55,Percent,,OK
30/07/2026 23:00,MediCore-Web-VM-01,CPUUtilization,50.73,Percent,,OK
30/07/2026 23:00,MediCore-Web-VM-01,NetworkIn,717729,Bytes,,OK
30/07/2026 23:00,MediCore-Web-VM-01,NetworkOut,1357547,Bytes,,OK
30/07/2026 23:00,MediCore-Web-VM-01,FailedSSHAttempts,8,Count,Failed-SSH-Attempts,ALARM
30/07/2026 23:00,medicore-db,CPUUtilization,7,Percent,,OK
31/07/2026 00:00,MediCore-Web-VM-01,CPUUtilization,9.41,Percent,,OK
31/07/2026 00:00,MediCore-Web-VM-01,NetworkIn,1400336,Bytes,,OK
31/07/2026 00:00,MediCore-Web-VM-01,NetworkOut,0,Bytes,,OK
31/07/2026 00:00,MediCore-Web-VM-01,FailedSSHAttempts,1,Count,,OK
31/07/2026 00:00,medicore-db,CPUUtilization,6.36,Percent,,OK
31/07/2026 01:00,MediCore-Web-VM-01,CPUUtilization,23.07,Percent,,OK
31/07/2026 01:00,MediCore-Web-VM-01,NetworkIn,1322700,Bytes,,OK
31/07/2026 01:00,MediCore-Web-VM-01,NetworkOut,231637,Bytes,,OK
31/07/2026 01:00,MediCore-Web-VM-01,FailedSSHAttempts,2,Count,,OK
31/07/2026 01:00,medicore-db,CPUUtilization,13.69,Percent,,OK
31/07/2026 02:00,MediCore-Web-VM-01,CPUUtilization,16.54,Percent,,OK
31/07/2026 02:00,MediCore-Web-VM-01,NetworkIn,698088,Bytes,,OK
31/07/2026 02:00,MediCore-Web-VM-01,NetworkOut,257707,Bytes,,OK
31/07/2026 02:00,MediCore-Web-VM-01,FailedSSHAttempts,1,Count,,OK
31/07/2026 02:00,medicore-db,CPUUtilization,7.76,Percent,,OK
31/07/2026 03:00,MediCore-Web-VM-01,CPUUtilization,53.53,Percent,,OK
31/07/2026 03:00,MediCore-Web-VM-01,NetworkIn,988473,Bytes,,OK
31/07/2026 03:00,MediCore-Web-VM-01,NetworkOut,7952147,Bytes,,OK
31/07/2026 03:00,MediCore-Web-VM-01,FailedSSHAttempts,0,Count,,OK
31/07/2026 03:00,medicore-db,CPUUtilization,8.31,Percent,,OK
31/07/2026 04:00,MediCore-Web-VM-01,CPUUtilization,21.21,Percent,,OK
31/07/2026 04:00,MediCore-Web-VM-01,NetworkIn,224318,Bytes,,OK
31/07/2026 04:00,MediCore-Web-VM-01,NetworkOut,616935,Bytes,,OK
31/07/2026 04:00,MediCore-Web-VM-01,FailedSSHAttempts,3,Count,Failed-SSH-Attempts,ALARM
31/07/2026 04:00,medicore-db,CPUUtilization,9.52,Percent,,OK
31/07/2026 05:00,MediCore-Web-VM-01,CPUUtilization,20.74,Percent,,OK
31/07/2026 05:00,MediCore-Web-VM-01,NetworkIn,1231655,Bytes,,OK
31/07/2026 05:00,MediCore-Web-VM-01,NetworkOut,925598,Bytes,,OK
31/07/2026 05:00,MediCore-Web-VM-01,FailedSSHAttempts,2,Count,,OK
31/07/2026 05:00,medicore-db,CPUUtilization,6.93,Percent,,OK
31/07/2026 06:00,MediCore-Web-VM-01,CPUUtilization,28.1,Percent,,OK
31/07/2026 06:00,MediCore-Web-VM-01,NetworkIn,1504339,Bytes,,OK
31/07/2026 06:00,MediCore-Web-VM-01,NetworkOut,1137715,Bytes,,OK
31/07/2026 06:00,MediCore-Web-VM-01,FailedSSHAttempts,1,Count,,OK
31/07/2026 06:00,medicore-db,CPUUtilization,5.37,Percent,,OK
31/07/2026 07:00,MediCore-Web-VM-01,CPUUtilization,10.61,Percent,,OK
31/07/2026 07:00,MediCore-Web-VM-01,NetworkIn,1478914,Bytes,,OK
31/07/2026 07:00,MediCore-Web-VM-01,NetworkOut,485801,Bytes,,OK
31/07/2026 07:00,MediCore-Web-VM-01,FailedSSHAttempts,0,Count,,OK
31/07/2026 07:00,medicore-db,CPUUtilization,11.31,Percent,,OK
31/07/2026 08:00,MediCore-Web-VM-01,CPUUtilization,41.5,Percent,,OK
31/07/2026 08:00,MediCore-Web-VM-01,NetworkIn,4799889,Bytes,,OK
31/07/2026 08:00,MediCore-Web-VM-01,NetworkOut,2133727,Bytes,,OK
31/07/2026 08:00,MediCore-Web-VM-01,FailedSSHAttempts,0,Count,,OK
31/07/2026 08:00,medicore-db,CPUUtilization,14.49,Percent,,OK
31/07/2026 09:00,MediCore-Web-VM-01,CPUUtilization,26.09,Percent,,OK
31/07/2026 09:00,MediCore-Web-VM-01,NetworkIn,4843272,Bytes,,OK
31/07/2026 09:00,MediCore-Web-VM-01,NetworkOut,2687950,Bytes,,OK
31/07/2026 09:00,MediCore-Web-VM-01,FailedSSHAttempts,0,Count,,OK
31/07/2026 09:00,medicore-db,CPUUtilization,19.02,Percent,,OK
31/07/2026 10:00,MediCore-Web-VM-01,CPUUtilization,34.28,Percent,,OK
31/07/2026 10:00,MediCore-Web-VM-01,NetworkIn,3721300,Bytes,,OK
31/07/2026 10:00,MediCore-Web-VM-01,NetworkOut,2694038,Bytes,,OK
31/07/2026 10:00,MediCore-Web-VM-01,FailedSSHAttempts,0,Count,,OK
31/07/2026 10:00,medicore-db,CPUUtilization,20.48,Percent,,OK
31/07/2026 11:00,MediCore-Web-VM-01,CPUUtilization,28.58,Percent,,OK
31/07/2026 11:00,MediCore-Web-VM-01,NetworkIn,4044916,Bytes,,OK
31/07/2026 11:00,MediCore-Web-VM-01,NetworkOut,2819947,Bytes,,OK
31/07/2026 11:00,MediCore-Web-VM-01,FailedSSHAttempts,0,Count,,OK
31/07/2026 11:00,medicore-db,CPUUtilization,17.32,Percent,,OK
31/07/2026 12:00,MediCore-Web-VM-01,CPUUtilization,30.26,Percent,,OK
31/07/2026 12:00,MediCore-Web-VM-01,NetworkIn,26621604,Bytes,High-NetworkIn-WebVM,ALARM
31/07/2026 12:00,MediCore-Web-VM-01,NetworkOut,3024901,Bytes,,OK
31/07/2026 12:00,MediCore-Web-VM-01,FailedSSHAttempts,1,Count,,OK
31/07/2026 12:00,medicore-db,CPUUtilization,24.36,Percent,,OK
31/07/2026 13:00,MediCore-Web-VM-01,CPUUtilization,31.21,Percent,,OK
31/07/2026 13:00,MediCore-Web-VM-01,NetworkIn,3599464,Bytes,,OK
31/07/2026 13:00,MediCore-Web-VM-01,NetworkOut,2604993,Bytes,,OK
31/07/2026 13:00,MediCore-Web-VM-01,FailedSSHAttempts,0,Count,,OK
31/07/2026 13:00,medicore-db,CPUUtilization,16.68,Percent,,OK
31/07/2026 14:00,MediCore-Web-VM-01,CPUUtilization,13.22,Percent,,OK
31/07/2026 14:00,MediCore-Web-VM-01,NetworkIn,2957597,Bytes,,OK
31/07/2026 14:00,MediCore-Web-VM-01,NetworkOut,3047062,Bytes,,OK
31/07/2026 14:00,MediCore-Web-VM-01,FailedSSHAttempts,19,Count,Failed-SSH-Attempts,ALARM
31/07/2026 14:00,medicore-db,CPUUtilization,23.59,Percent,,OK
31/07/2026 15:00,MediCore-Web-VM-01,CPUUtilization,16.86,Percent,,OK
31/07/2026 15:00,MediCore-Web-VM-01,NetworkIn,4463482,Bytes,,OK
31/07/2026 15:00,MediCore-Web-VM-01,NetworkOut,2035634,Bytes,,OK
31/07/2026 15:00,MediCore-Web-VM-01,FailedSSHAttempts,0,Count,,OK
31/07/2026 15:00,medicore-db,CPUUtilization,20.36,Percent,,OK
31/07/2026 16:00,MediCore-Web-VM-01,CPUUtilization,13.17,Percent,,OK
31/07/2026 16:00,MediCore-Web-VM-01,NetworkIn,3725964,Bytes,,OK
31/07/2026 16:00,MediCore-Web-VM-01,NetworkOut,16952568,Bytes,High-NetworkOut-WebVM,ALARM
31/07/2026 16:00,MediCore-Web-VM-01,FailedSSHAttempts,0,Count,,OK
31/07/2026 16:00,medicore-db,CPUUtilization,20.02,Percent,,OK
31/07/2026 17:00,MediCore-Web-VM-01,CPUUtilization,7.27,Percent,,OK
31/07/2026 17:00,MediCore-Web-VM-01,NetworkIn,5408423,Bytes,,OK
31/07/2026 17:00,MediCore-Web-VM-01,NetworkOut,3068086,Bytes,,OK
31/07/2026 17:00,MediCore-Web-VM-01,FailedSSHAttempts,0,Count,,OK
31/07/2026 17:00,medicore-db,CPUUtilization,14.82,Percent,,OK
31/07/2026 18:00,MediCore-Web-VM-01,CPUUtilization,8.3,Percent,,OK
31/07/2026 18:00,MediCore-Web-VM-01,NetworkIn,3688573,Bytes,,OK
31/07/2026 18:00,MediCore-Web-VM-01,NetworkOut,2548319,Bytes,,OK
31/07/2026 18:00,MediCore-Web-VM-01,FailedSSHAttempts,1,Count,,OK
31/07/2026 18:00,medicore-db,CPUUtilization,13.82,Percent,,OK
31/07/2026 19:00,MediCore-Web-VM-01,CPUUtilization,1,Percent,,OK
31/07/2026 19:00,MediCore-Web-VM-01,NetworkIn,1924404,Bytes,,OK
31/07/2026 19:00,MediCore-Web-VM-01,NetworkOut,10423974,Bytes,High-NetworkOut-WebVM,ALARM
31/07/2026 19:00,MediCore-Web-VM-01,FailedSSHAttempts,3,Count,Failed-SSH-Attempts,ALARM
31/07/2026 19:00,medicore-db,CPUUtilization,12.15,Percent,,OK
31/07/2026 20:00,MediCore-Web-VM-01,CPUUtilization,1,Percent,,OK
31/07/2026 20:00,MediCore-Web-VM-01,NetworkIn,1013011,Bytes,,OK
31/07/2026 20:00,MediCore-Web-VM-01,NetworkOut,1131567,Bytes,,OK
31/07/2026 20:00,MediCore-Web-VM-01,FailedSSHAttempts,1,Count,,OK
31/07/2026 20:00,medicore-db,CPUUtilization,9.23,Percent,,OK
31/07/2026 21:00,MediCore-Web-VM-01,CPUUtilization,1.43,Percent,,OK
31/07/2026 21:00,MediCore-Web-VM-01,NetworkIn,899374,Bytes,,OK
31/07/2026 21:00,MediCore-Web-VM-01,NetworkOut,1341523,Bytes,,OK
31/07/2026 21:00,MediCore-Web-VM-01,FailedSSHAttempts,0,Count,,OK
31/07/2026 21:00,medicore-db,CPUUtilization,10.65,Percent,,OK
31/07/2026 22:00,MediCore-Web-VM-01,CPUUtilization,5.04,Percent,,OK
31/07/2026 22:00,MediCore-Web-VM-01,NetworkIn,1374744,Bytes,,OK
31/07/2026 22:00,MediCore-Web-VM-01,NetworkOut,615897,Bytes,,OK
31/07/2026 22:00,MediCore-Web-VM-01,FailedSSHAttempts,1,Count,,OK
31/07/2026 22:00,medicore-db,CPUUtilization,34.16,Percent,,OK
31/07/2026 23:00,MediCore-Web-VM-01,CPUUtilization,5.61,Percent,,OK
31/07/2026 23:00,MediCore-Web-VM-01,NetworkIn,218080,Bytes,,OK
31/07/2026 23:00,MediCore-Web-VM-01,NetworkOut,1403152,Bytes,,OK
31/07/2026 23:00,MediCore-Web-VM-01,FailedSSHAttempts,0,Count,,OK
31/07/2026 23:00,medicore-db,CPUUtilization,8.53,Percent,,OK
01/08/2026 00:00,MediCore-Web-VM-01,CPUUtilization,14.52,Percent,,OK
01/08/2026 00:00,MediCore-Web-VM-01,NetworkIn,2222898,Bytes,,OK
01/08/2026 00:00,MediCore-Web-VM-01,NetworkOut,0,Bytes,,OK
01/08/2026 00:00,MediCore-Web-VM-01,FailedSSHAttempts,5,Count,Failed-SSH-Attempts,ALARM
01/08/2026 00:00,medicore-db,CPUUtilization,6.56,Percent,,OK
01/08/2026 01:00,MediCore-Web-VM-01,CPUUtilization,10.68,Percent,,OK
01/08/2026 01:00,MediCore-Web-VM-01,NetworkIn,840141,Bytes,,OK
01/08/2026 01:00,MediCore-Web-VM-01,NetworkOut,795830,Bytes,,OK
01/08/2026 01:00,MediCore-Web-VM-01,FailedSSHAttempts,0,Count,,OK
01/08/2026 01:00,medicore-db,CPUUtilization,6.73,Percent,,OK
01/08/2026 02:00,MediCore-Web-VM-01,CPUUtilization,21.79,Percent,,OK
01/08/2026 02:00,MediCore-Web-VM-01,NetworkIn,1137994,Bytes,,OK
01/08/2026 02:00,MediCore-Web-VM-01,NetworkOut,965446,Bytes,,OK
01/08/2026 02:00,MediCore-Web-VM-01,FailedSSHAttempts,1,Count,,OK
01/08/2026 02:00,medicore-db,CPUUtilization,9.03,Percent,,OK
01/08/2026 03:00,MediCore-Web-VM-01,CPUUtilization,16.52,Percent,,OK
01/08/2026 03:00,MediCore-Web-VM-01,NetworkIn,1094281,Bytes,,OK
01/08/2026 03:00,MediCore-Web-VM-01,NetworkOut,580474,Bytes,,OK
01/08/2026 03:00,MediCore-Web-VM-01,FailedSSHAttempts,2,Count,,OK
01/08/2026 03:00,medicore-db,CPUUtilization,7.88,Percent,,OK
01/08/2026 04:00,MediCore-Web-VM-01,CPUUtilization,22.82,Percent,,OK
01/08/2026 04:00,MediCore-Web-VM-01,NetworkIn,2053797,Bytes,,OK
01/08/2026 04:00,MediCore-Web-VM-01,NetworkOut,1298046,Bytes,,OK
01/08/2026 04:00,MediCore-Web-VM-01,FailedSSHAttempts,7,Count,Failed-SSH-Attempts,ALARM
01/08/2026 04:00,medicore-db,CPUUtilization,10.63,Percent,,OK
01/08/2026 05:00,MediCore-Web-VM-01,CPUUtilization,57.91,Percent,,OK
01/08/2026 05:00,MediCore-Web-VM-01,NetworkIn,699723,Bytes,,OK
01/08/2026 05:00,MediCore-Web-VM-01,NetworkOut,1160639,Bytes,,OK
01/08/2026 05:00,MediCore-Web-VM-01,FailedSSHAttempts,3,Count,Failed-SSH-Attempts,ALARM
01/08/2026 05:00,medicore-db,CPUUtilization,6.77,Percent,,OK
01/08/2026 06:00,MediCore-Web-VM-01,CPUUtilization,15.83,Percent,,OK
01/08/2026 06:00,MediCore-Web-VM-01,NetworkIn,1125458,Bytes,,OK
01/08/2026 06:00,MediCore-Web-VM-01,NetworkOut,673103,Bytes,,OK
01/08/2026 06:00,MediCore-Web-VM-01,FailedSSHAttempts,2,Count,,OK
01/08/2026 06:00,medicore-db,CPUUtilization,3.53,Percent,,OK
01/08/2026 07:00,MediCore-Web-VM-01,CPUUtilization,20.6,Percent,,OK
01/08/2026 07:00,MediCore-Web-VM-01,NetworkIn,1373791,Bytes,,OK
01/08/2026 07:00,MediCore-Web-VM-01,NetworkOut,87200,Bytes,,OK
01/08/2026 07:00,MediCore-Web-VM-01,FailedSSHAttempts,0,Count,,OK
01/08/2026 07:00,medicore-db,CPUUtilization,12.51,Percent,,OK
01/08/2026 08:00,MediCore-Web-VM-01,CPUUtilization,13.55,Percent,,OK
01/08/2026 08:00,MediCore-Web-VM-01,NetworkIn,455347,Bytes,,OK
01/08/2026 08:00,MediCore-Web-VM-01,NetworkOut,505076,Bytes,,OK
01/08/2026 08:00,MediCore-Web-VM-01,FailedSSHAttempts,0,Count,,OK
01/08/2026 08:00,medicore-db,CPUUtilization,6.45,Percent,,OK
01/08/2026 09:00,MediCore-Web-VM-01,CPUUtilization,15.78,Percent,,OK
01/08/2026 09:00,MediCore-Web-VM-01,NetworkIn,1188857,Bytes,,OK
01/08/2026 09:00,MediCore-Web-VM-01,NetworkOut,1358005,Bytes,,OK
01/08/2026 09:00,MediCore-Web-VM-01,FailedSSHAttempts,1,Count,,OK
01/08/2026 09:00,medicore-db,CPUUtilization,3.01,Percent,,OK
01/08/2026 10:00,MediCore-Web-VM-01,CPUUtilization,11.79,Percent,,OK
01/08/2026 10:00,MediCore-Web-VM-01,NetworkIn,1421450,Bytes,,OK
01/08/2026 10:00,MediCore-Web-VM-01,NetworkOut,457375,Bytes,,OK
01/08/2026 10:00,MediCore-Web-VM-01,FailedSSHAttempts,1,Count,,OK
01/08/2026 10:00,medicore-db,CPUUtilization,4.48,Percent,,OK
01/08/2026 11:00,MediCore-Web-VM-01,CPUUtilization,10.56,Percent,,OK
01/08/2026 11:00,MediCore-Web-VM-01,NetworkIn,1057957,Bytes,,OK
01/08/2026 11:00,MediCore-Web-VM-01,NetworkOut,11127980,Bytes,High-NetworkOut-WebVM,ALARM
01/08/2026 11:00,MediCore-Web-VM-01,FailedSSHAttempts,3,Count,Failed-SSH-Attempts,ALARM
01/08/2026 11:00,medicore-db,CPUUtilization,8.26,Percent,,OK
01/08/2026 12:00,MediCore-Web-VM-01,CPUUtilization,8.8,Percent,,OK
01/08/2026 12:00,MediCore-Web-VM-01,NetworkIn,1852920,Bytes,,OK
01/08/2026 12:00,MediCore-Web-VM-01,NetworkOut,0,Bytes,,OK
01/08/2026 12:00,MediCore-Web-VM-01,FailedSSHAttempts,0,Count,,OK
01/08/2026 12:00,medicore-db,CPUUtilization,5.33,Percent,,OK
01/08/2026 13:00,MediCore-Web-VM-01,CPUUtilization,16.64,Percent,,OK
01/08/2026 13:00,MediCore-Web-VM-01,NetworkIn,1314383,Bytes,,OK
01/08/2026 13:00,MediCore-Web-VM-01,NetworkOut,302188,Bytes,,OK
01/08/2026 13:00,MediCore-Web-VM-01,FailedSSHAttempts,0,Count,,OK
01/08/2026 13:00,medicore-db,CPUUtilization,8.05,Percent,,OK
01/08/2026 14:00,MediCore-Web-VM-01,CPUUtilization,6.33,Percent,,OK
01/08/2026 14:00,MediCore-Web-VM-01,NetworkIn,1590113,Bytes,,OK
01/08/2026 14:00,MediCore-Web-VM-01,NetworkOut,832927,Bytes,,OK
01/08/2026 14:00,MediCore-Web-VM-01,FailedSSHAttempts,0,Count,,OK
01/08/2026 14:00,medicore-db,CPUUtilization,9.24,Percent,,OK
01/08/2026 15:00,MediCore-Web-VM-01,CPUUtilization,11.5,Percent,,OK
01/08/2026 15:00,MediCore-Web-VM-01,NetworkIn,933714,Bytes,,OK
01/08/2026 15:00,MediCore-Web-VM-01,NetworkOut,734510,Bytes,,OK
01/08/2026 15:00,MediCore-Web-VM-01,FailedSSHAttempts,2,Count,,OK
01/08/2026 15:00,medicore-db,CPUUtilization,6.3,Percent,,OK
01/08/2026 16:00,MediCore-Web-VM-01,CPUUtilization,1,Percent,,OK
01/08/2026 16:00,MediCore-Web-VM-01,NetworkIn,1408323,Bytes,,OK
01/08/2026 16:00,MediCore-Web-VM-01,NetworkOut,357814,Bytes,,OK
01/08/2026 16:00,MediCore-Web-VM-01,FailedSSHAttempts,0,Count,,OK
01/08/2026 16:00,medicore-db,CPUUtilization,4.68,Percent,,OK
01/08/2026 17:00,MediCore-Web-VM-01,CPUUtilization,1,Percent,,OK
01/08/2026 17:00,MediCore-Web-VM-01,NetworkIn,510363,Bytes,,OK
01/08/2026 17:00,MediCore-Web-VM-01,NetworkOut,1602471,Bytes,,OK
01/08/2026 17:00,MediCore-Web-VM-01,FailedSSHAttempts,0,Count,,OK
01/08/2026 17:00,medicore-db,CPUUtilization,4.93,Percent,,OK
01/08/2026 18:00,MediCore-Web-VM-01,CPUUtilization,1,Percent,,OK
01/08/2026 18:00,MediCore-Web-VM-01,NetworkIn,423033,Bytes,,OK
01/08/2026 18:00,MediCore-Web-VM-01,NetworkOut,1473530,Bytes,,OK
01/08/2026 18:00,MediCore-Web-VM-01,FailedSSHAttempts,0,Count,,OK
01/08/2026 18:00,medicore-db,CPUUtilization,10.4,Percent,,OK
01/08/2026 19:00,MediCore-Web-VM-01,CPUUtilization,1,Percent,,OK
01/08/2026 19:00,MediCore-Web-VM-01,NetworkIn,939699,Bytes,,OK
01/08/2026 19:00,MediCore-Web-VM-01,NetworkOut,535769,Bytes,,OK
01/08/2026 19:00,MediCore-Web-VM-01,FailedSSHAttempts,1,Count,,OK
01/08/2026 19:00,medicore-db,CPUUtilization,34.47,Percent,,OK
01/08/2026 20:00,MediCore-Web-VM-01,CPUUtilization,8.36,Percent,,OK
01/08/2026 20:00,MediCore-Web-VM-01,NetworkIn,870829,Bytes,,OK
01/08/2026 20:00,MediCore-Web-VM-01,NetworkOut,685468,Bytes,,OK
01/08/2026 20:00,MediCore-Web-VM-01,FailedSSHAttempts,0,Count,,OK
01/08/2026 20:00,medicore-db,CPUUtilization,8.37,Percent,,OK
01/08/2026 21:00,MediCore-Web-VM-01,CPUUtilization,6.84,Percent,,OK
01/08/2026 21:00,MediCore-Web-VM-01,NetworkIn,1031770,Bytes,,OK
01/08/2026 21:00,MediCore-Web-VM-01,NetworkOut,65066,Bytes,,OK
01/08/2026 21:00,MediCore-Web-VM-01,FailedSSHAttempts,1,Count,,OK
01/08/2026 21:00,medicore-db,CPUUtilization,7.59,Percent,,OK
01/08/2026 22:00,MediCore-Web-VM-01,CPUUtilization,6.68,Percent,,OK
01/08/2026 22:00,MediCore-Web-VM-01,NetworkIn,1300134,Bytes,,OK
01/08/2026 22:00,MediCore-Web-VM-01,NetworkOut,1324805,Bytes,,OK
01/08/2026 22:00,MediCore-Web-VM-01,FailedSSHAttempts,1,Count,,OK
01/08/2026 22:00,medicore-db,CPUUtilization,9.61,Percent,,OK
01/08/2026 23:00,MediCore-Web-VM-01,CPUUtilization,15.38,Percent,,OK
01/08/2026 23:00,MediCore-Web-VM-01,NetworkIn,1749347,Bytes,,OK
01/08/2026 23:00,MediCore-Web-VM-01,NetworkOut,1210760,Bytes,,OK
01/08/2026 23:00,MediCore-Web-VM-01,FailedSSHAttempts,0,Count,,OK
01/08/2026 23:00,medicore-db,CPUUtilization,6.33,Percent,,OK
02/08/2026 00:00,MediCore-Web-VM-01,CPUUtilization,9.23,Percent,,OK
02/08/2026 00:00,MediCore-Web-VM-01,NetworkIn,405173,Bytes,,OK
02/08/2026 00:00,MediCore-Web-VM-01,NetworkOut,1143952,Bytes,,OK
02/08/2026 00:00,MediCore-Web-VM-01,FailedSSHAttempts,0,Count,,OK
02/08/2026 00:00,medicore-db,CPUUtilization,13.82,Percent,,OK
02/08/2026 01:00,MediCore-Web-VM-01,CPUUtilization,14.01,Percent,,OK
02/08/2026 01:00,MediCore-Web-VM-01,NetworkIn,581089,Bytes,,OK
02/08/2026 01:00,MediCore-Web-VM-01,NetworkOut,0,Bytes,,OK
02/08/2026 01:00,MediCore-Web-VM-01,FailedSSHAttempts,1,Count,,OK
02/08/2026 01:00,medicore-db,CPUUtilization,12.99,Percent,,OK
02/08/2026 02:00,MediCore-Web-VM-01,CPUUtilization,41.47,Percent,,OK
02/08/2026 02:00,MediCore-Web-VM-01,NetworkIn,1726877,Bytes,,OK
02/08/2026 02:00,MediCore-Web-VM-01,NetworkOut,306267,Bytes,,OK
02/08/2026 02:00,MediCore-Web-VM-01,FailedSSHAttempts,0,Count,,OK
02/08/2026 02:00,medicore-db,CPUUtilization,6.99,Percent,,OK
02/08/2026 03:00,MediCore-Web-VM-01,CPUUtilization,26.66,Percent,,OK
02/08/2026 03:00,MediCore-Web-VM-01,NetworkIn,0,Bytes,,OK
02/08/2026 03:00,MediCore-Web-VM-01,NetworkOut,1332121,Bytes,,OK
02/08/2026 03:00,MediCore-Web-VM-01,FailedSSHAttempts,1,Count,,OK
02/08/2026 03:00,medicore-db,CPUUtilization,9.98,Percent,,OK
02/08/2026 04:00,MediCore-Web-VM-01,CPUUtilization,22.56,Percent,,OK
02/08/2026 04:00,MediCore-Web-VM-01,NetworkIn,911445,Bytes,,OK
02/08/2026 04:00,MediCore-Web-VM-01,NetworkOut,1356736,Bytes,,OK
02/08/2026 04:00,MediCore-Web-VM-01,FailedSSHAttempts,2,Count,,OK
02/08/2026 04:00,medicore-db,CPUUtilization,11.69,Percent,,OK
02/08/2026 05:00,MediCore-Web-VM-01,CPUUtilization,24.24,Percent,,OK
02/08/2026 05:00,MediCore-Web-VM-01,NetworkIn,793546,Bytes,,OK
02/08/2026 05:00,MediCore-Web-VM-01,NetworkOut,594307,Bytes,,OK
02/08/2026 05:00,MediCore-Web-VM-01,FailedSSHAttempts,3,Count,Failed-SSH-Attempts,ALARM
02/08/2026 05:00,medicore-db,CPUUtilization,5.5,Percent,,OK
02/08/2026 06:00,MediCore-Web-VM-01,CPUUtilization,23.67,Percent,,OK
02/08/2026 06:00,MediCore-Web-VM-01,NetworkIn,943050,Bytes,,OK
02/08/2026 06:00,MediCore-Web-VM-01,NetworkOut,547588,Bytes,,OK
02/08/2026 06:00,MediCore-Web-VM-01,FailedSSHAttempts,1,Count,,OK
02/08/2026 06:00,medicore-db,CPUUtilization,8.51,Percent,,OK
02/08/2026 07:00,MediCore-Web-VM-01,CPUUtilization,23.4,Percent,,OK
02/08/2026 07:00,MediCore-Web-VM-01,NetworkIn,1554368,Bytes,,OK
02/08/2026 07:00,MediCore-Web-VM-01,NetworkOut,1623652,Bytes,,OK
02/08/2026 07:00,MediCore-Web-VM-01,FailedSSHAttempts,1,Count,,OK
02/08/2026 07:00,medicore-db,CPUUtilization,8.26,Percent,,OK
02/08/2026 08:00,MediCore-Web-VM-01,CPUUtilization,10.37,Percent,,OK
02/08/2026 08:00,MediCore-Web-VM-01,NetworkIn,834665,Bytes,,OK
02/08/2026 08:00,MediCore-Web-VM-01,NetworkOut,1153438,Bytes,,OK
02/08/2026 08:00,MediCore-Web-VM-01,FailedSSHAttempts,1,Count,,OK
02/08/2026 08:00,medicore-db,CPUUtilization,9.07,Percent,,OK
02/08/2026 09:00,MediCore-Web-VM-01,CPUUtilization,9.19,Percent,,OK
02/08/2026 09:00,MediCore-Web-VM-01,NetworkIn,0,Bytes,,OK
02/08/2026 09:00,MediCore-Web-VM-01,NetworkOut,914228,Bytes,,OK
02/08/2026 09:00,MediCore-Web-VM-01,FailedSSHAttempts,0,Count,,OK
02/08/2026 09:00,medicore-db,CPUUtilization,10.25,Percent,,OK
02/08/2026 10:00,MediCore-Web-VM-01,CPUUtilization,25.22,Percent,,OK
02/08/2026 10:00,MediCore-Web-VM-01,NetworkIn,1212611,Bytes,,OK
02/08/2026 10:00,MediCore-Web-VM-01,NetworkOut,1136315,Bytes,,OK
02/08/2026 10:00,MediCore-Web-VM-01,FailedSSHAttempts,0,Count,,OK
02/08/2026 10:00,medicore-db,CPUUtilization,9.08,Percent,,OK
02/08/2026 11:00,MediCore-Web-VM-01,CPUUtilization,12.15,Percent,,OK
02/08/2026 11:00,MediCore-Web-VM-01,NetworkIn,9407151,Bytes,,OK
02/08/2026 11:00,MediCore-Web-VM-01,NetworkOut,999340,Bytes,,OK
02/08/2026 11:00,MediCore-Web-VM-01,FailedSSHAttempts,0,Count,,OK
02/08/2026 11:00,medicore-db,CPUUtilization,9.9,Percent,,OK
02/08/2026 12:00,MediCore-Web-VM-01,CPUUtilization,17.89,Percent,,OK
02/08/2026 12:00,MediCore-Web-VM-01,NetworkIn,1157228,Bytes,,OK
02/08/2026 12:00,MediCore-Web-VM-01,NetworkOut,623970,Bytes,,OK
02/08/2026 12:00,MediCore-Web-VM-01,FailedSSHAttempts,0,Count,,OK
02/08/2026 12:00,medicore-db,CPUUtilization,7.36,Percent,,OK
02/08/2026 13:00,MediCore-Web-VM-01,CPUUtilization,8.03,Percent,,OK
02/08/2026 13:00,MediCore-Web-VM-01,NetworkIn,1396372,Bytes,,OK
02/08/2026 13:00,MediCore-Web-VM-01,NetworkOut,1408046,Bytes,,OK
02/08/2026 13:00,MediCore-Web-VM-01,FailedSSHAttempts,1,Count,,OK
02/08/2026 13:00,medicore-db,CPUUtilization,5.55,Percent,,OK
02/08/2026 14:00,MediCore-Web-VM-01,CPUUtilization,2.95,Percent,,OK
02/08/2026 14:00,MediCore-Web-VM-01,NetworkIn,1184389,Bytes,,OK
02/08/2026 14:00,MediCore-Web-VM-01,NetworkOut,555557,Bytes,,OK
02/08/2026 14:00,MediCore-Web-VM-01,FailedSSHAttempts,0,Count,,OK
02/08/2026 14:00,medicore-db,CPUUtilization,10.87,Percent,,OK
02/08/2026 15:00,MediCore-Web-VM-01,CPUUtilization,9.59,Percent,,OK
02/08/2026 15:00,MediCore-Web-VM-01,NetworkIn,1126960,Bytes,,OK
02/08/2026 15:00,MediCore-Web-VM-01,NetworkOut,1096653,Bytes,,OK
02/08/2026 15:00,MediCore-Web-VM-01,FailedSSHAttempts,2,Count,,OK
02/08/2026 15:00,medicore-db,CPUUtilization,6.75,Percent,,OK
02/08/2026 16:00,MediCore-Web-VM-01,CPUUtilization,10.65,Percent,,OK
02/08/2026 16:00,MediCore-Web-VM-01,NetworkIn,1724930,Bytes,,OK
02/08/2026 16:00,MediCore-Web-VM-01,NetworkOut,1039633,Bytes,,OK
02/08/2026 16:00,MediCore-Web-VM-01,FailedSSHAttempts,0,Count,,OK
02/08/2026 16:00,medicore-db,CPUUtilization,9.35,Percent,,OK
02/08/2026 17:00,MediCore-Web-VM-01,CPUUtilization,3.29,Percent,,OK
02/08/2026 17:00,MediCore-Web-VM-01,NetworkIn,1600404,Bytes,,OK
02/08/2026 17:00,MediCore-Web-VM-01,NetworkOut,547635,Bytes,,OK
02/08/2026 17:00,MediCore-Web-VM-01,FailedSSHAttempts,1,Count,,OK
02/08/2026 17:00,medicore-db,CPUUtilization,8.89,Percent,,OK
02/08/2026 18:00,MediCore-Web-VM-01,CPUUtilization,1,Percent,,OK
02/08/2026 18:00,MediCore-Web-VM-01,NetworkIn,996973,Bytes,,OK
02/08/2026 18:00,MediCore-Web-VM-01,NetworkOut,719183,Bytes,,OK
02/08/2026 18:00,MediCore-Web-VM-01,FailedSSHAttempts,1,Count,,OK
02/08/2026 18:00,medicore-db,CPUUtilization,7.69,Percent,,OK
02/08/2026 19:00,MediCore-Web-VM-01,CPUUtilization,8.9,Percent,,OK
02/08/2026 19:00,MediCore-Web-VM-01,NetworkIn,1801709,Bytes,,OK
02/08/2026 19:00,MediCore-Web-VM-01,NetworkOut,939900,Bytes,,OK
02/08/2026 19:00,MediCore-Web-VM-01,FailedSSHAttempts,0,Count,,OK
02/08/2026 19:00,medicore-db,CPUUtilization,7.33,Percent,,OK
02/08/2026 20:00,MediCore-Web-VM-01,CPUUtilization,1,Percent,,OK
02/08/2026 20:00,MediCore-Web-VM-01,NetworkIn,2064326,Bytes,,OK
02/08/2026 20:00,MediCore-Web-VM-01,NetworkOut,384022,Bytes,,OK
02/08/2026 20:00,MediCore-Web-VM-01,FailedSSHAttempts,0,Count,,OK
02/08/2026 20:00,medicore-db,CPUUtilization,12.26,Percent,,OK
02/08/2026 21:00,MediCore-Web-VM-01,CPUUtilization,4.27,Percent,,OK
02/08/2026 21:00,MediCore-Web-VM-01,NetworkIn,2145751,Bytes,,OK
02/08/2026 21:00,MediCore-Web-VM-01,NetworkOut,1343095,Bytes,,OK
02/08/2026 21:00,MediCore-Web-VM-01,FailedSSHAttempts,1,Count,,OK
02/08/2026 21:00,medicore-db,CPUUtilization,8.22,Percent,,OK
02/08/2026 22:00,MediCore-Web-VM-01,CPUUtilization,3.62,Percent,,OK
02/08/2026 22:00,MediCore-Web-VM-01,NetworkIn,441052,Bytes,,OK
02/08/2026 22:00,MediCore-Web-VM-01,NetworkOut,1958373,Bytes,,OK
02/08/2026 22:00,MediCore-Web-VM-01,FailedSSHAttempts,0,Count,,OK
02/08/2026 22:00,medicore-db,CPUUtilization,4.72,Percent,,OK
02/08/2026 23:00,MediCore-Web-VM-01,CPUUtilization,3.05,Percent,,OK
02/08/2026 23:00,MediCore-Web-VM-01,NetworkIn,1283719,Bytes,,OK
02/08/2026 23:00,MediCore-Web-VM-01,NetworkOut,582288,Bytes,,OK
02/08/2026 23:00,MediCore-Web-VM-01,FailedSSHAttempts,2,Count,,OK
02/08/2026 23:00,medicore-db,CPUUtilization,7.7,Percent,,OK
03/08/2026 00:00,MediCore-Web-VM-01,CPUUtilization,51.52,Percent,,OK
03/08/2026 00:00,MediCore-Web-VM-01,NetworkIn,1122431,Bytes,,OK
03/08/2026 00:00,MediCore-Web-VM-01,NetworkOut,705878,Bytes,,OK
03/08/2026 00:00,MediCore-Web-VM-01,FailedSSHAttempts,3,Count,Failed-SSH-Attempts,ALARM
03/08/2026 00:00,medicore-db,CPUUtilization,1,Percent,,OK
03/08/2026 01:00,MediCore-Web-VM-01,CPUUtilization,13.93,Percent,,OK
03/08/2026 01:00,MediCore-Web-VM-01,NetworkIn,663933,Bytes,,OK
03/08/2026 01:00,MediCore-Web-VM-01,NetworkOut,882739,Bytes,,OK
03/08/2026 01:00,MediCore-Web-VM-01,FailedSSHAttempts,1,Count,,OK
03/08/2026 01:00,medicore-db,CPUUtilization,11.31,Percent,,OK
03/08/2026 02:00,MediCore-Web-VM-01,CPUUtilization,13.75,Percent,,OK
03/08/2026 02:00,MediCore-Web-VM-01,NetworkIn,1011947,Bytes,,OK
03/08/2026 02:00,MediCore-Web-VM-01,NetworkOut,0,Bytes,,OK
03/08/2026 02:00,MediCore-Web-VM-01,FailedSSHAttempts,0,Count,,OK
03/08/2026 02:00,medicore-db,CPUUtilization,8.25,Percent,,OK
03/08/2026 03:00,MediCore-Web-VM-01,CPUUtilization,24,Percent,,OK
03/08/2026 03:00,MediCore-Web-VM-01,NetworkIn,861078,Bytes,,OK
03/08/2026 03:00,MediCore-Web-VM-01,NetworkOut,416876,Bytes,,OK
03/08/2026 03:00,MediCore-Web-VM-01,FailedSSHAttempts,2,Count,,OK
03/08/2026 03:00,medicore-db,CPUUtilization,5.86,Percent,,OK
03/08/2026 04:00,MediCore-Web-VM-01,CPUUtilization,29.73,Percent,,OK
03/08/2026 04:00,MediCore-Web-VM-01,NetworkIn,1394844,Bytes,,OK
03/08/2026 04:00,MediCore-Web-VM-01,NetworkOut,645393,Bytes,,OK
03/08/2026 04:00,MediCore-Web-VM-01,FailedSSHAttempts,9,Count,Failed-SSH-Attempts,ALARM
03/08/2026 04:00,medicore-db,CPUUtilization,6.97,Percent,,OK
03/08/2026 05:00,MediCore-Web-VM-01,CPUUtilization,25.04,Percent,,OK
03/08/2026 05:00,MediCore-Web-VM-01,NetworkIn,521505,Bytes,,OK
03/08/2026 05:00,MediCore-Web-VM-01,NetworkOut,977348,Bytes,,OK
03/08/2026 05:00,MediCore-Web-VM-01,FailedSSHAttempts,2,Count,,OK
03/08/2026 05:00,medicore-db,CPUUtilization,7.6,Percent,,OK
03/08/2026 06:00,MediCore-Web-VM-01,CPUUtilization,22.31,Percent,,OK
03/08/2026 06:00,MediCore-Web-VM-01,NetworkIn,1246562,Bytes,,OK
03/08/2026 06:00,MediCore-Web-VM-01,NetworkOut,583969,Bytes,,OK
03/08/2026 06:00,MediCore-Web-VM-01,FailedSSHAttempts,1,Count,,OK
03/08/2026 06:00,medicore-db,CPUUtilization,8.27,Percent,,OK
03/08/2026 07:00,MediCore-Web-VM-01,CPUUtilization,24.43,Percent,,OK
03/08/2026 07:00,MediCore-Web-VM-01,NetworkIn,467547,Bytes,,OK
03/08/2026 07:00,MediCore-Web-VM-01,NetworkOut,0,Bytes,,OK
03/08/2026 07:00,MediCore-Web-VM-01,FailedSSHAttempts,0,Count,,OK
03/08/2026 07:00,medicore-db,CPUUtilization,10.57,Percent,,OK
03/08/2026 08:00,MediCore-Web-VM-01,CPUUtilization,43.78,Percent,,OK
03/08/2026 08:00,MediCore-Web-VM-01,NetworkIn,4796464,Bytes,,OK
03/08/2026 08:00,MediCore-Web-VM-01,NetworkOut,2704493,Bytes,,OK
03/08/2026 08:00,MediCore-Web-VM-01,FailedSSHAttempts,0,Count,,OK
03/08/2026 08:00,medicore-db,CPUUtilization,17.29,Percent,,OK
03/08/2026 09:00,MediCore-Web-VM-01,CPUUtilization,36.02,Percent,,OK
03/08/2026 09:00,MediCore-Web-VM-01,NetworkIn,5349861,Bytes,,OK
03/08/2026 09:00,MediCore-Web-VM-01,NetworkOut,3174776,Bytes,,OK
03/08/2026 09:00,MediCore-Web-VM-01,FailedSSHAttempts,2,Count,,OK
03/08/2026 09:00,medicore-db,CPUUtilization,18.44,Percent,,OK
03/08/2026 10:00,MediCore-Web-VM-01,CPUUtilization,28.41,Percent,,OK
03/08/2026 10:00,MediCore-Web-VM-01,NetworkIn,3410042,Bytes,,OK
03/08/2026 10:00,MediCore-Web-VM-01,NetworkOut,3193077,Bytes,,OK
03/08/2026 10:00,MediCore-Web-VM-01,FailedSSHAttempts,0,Count,,OK
03/08/2026 10:00,medicore-db,CPUUtilization,17.11,Percent,,OK
03/08/2026 11:00,MediCore-Web-VM-01,CPUUtilization,28.28,Percent,,OK
03/08/2026 11:00,MediCore-Web-VM-01,NetworkIn,4884636,Bytes,,OK
03/08/2026 11:00,MediCore-Web-VM-01,NetworkOut,2501792,Bytes,,OK
03/08/2026 11:00,MediCore-Web-VM-01,FailedSSHAttempts,0,Count,,OK
03/08/2026 11:00,medicore-db,CPUUtilization,17.47,Percent,,OK
03/08/2026 12:00,MediCore-Web-VM-01,CPUUtilization,23.63,Percent,,OK
03/08/2026 12:00,MediCore-Web-VM-01,NetworkIn,4157538,Bytes,,OK
03/08/2026 12:00,MediCore-Web-VM-01,NetworkOut,2771420,Bytes,,OK
03/08/2026 12:00,MediCore-Web-VM-01,FailedSSHAttempts,0,Count,,OK
03/08/2026 12:00,medicore-db,CPUUtilization,16.59,Percent,,OK
03/08/2026 13:00,MediCore-Web-VM-01,CPUUtilization,24.49,Percent,,OK
03/08/2026 13:00,MediCore-Web-VM-01,NetworkIn,4376012,Bytes,,OK
03/08/2026 13:00,MediCore-Web-VM-01,NetworkOut,2214535,Bytes,,OK
03/08/2026 13:00,MediCore-Web-VM-01,FailedSSHAttempts,0,Count,,OK
03/08/2026 13:00,medicore-db,CPUUtilization,19.73,Percent,,OK
03/08/2026 14:00,MediCore-Web-VM-01,CPUUtilization,30.79,Percent,,OK
03/08/2026 14:00,MediCore-Web-VM-01,NetworkIn,3619484,Bytes,,OK
03/08/2026 14:00,MediCore-Web-VM-01,NetworkOut,2618952,Bytes,,OK
03/08/2026 14:00,MediCore-Web-VM-01,FailedSSHAttempts,0,Count,,OK
03/08/2026 14:00,medicore-db,CPUUtilization,18.43,Percent,,OK
03/08/2026 15:00,MediCore-Web-VM-01,CPUUtilization,20.99,Percent,,OK
03/08/2026 15:00,MediCore-Web-VM-01,NetworkIn,4059585,Bytes,,OK
03/08/2026 15:00,MediCore-Web-VM-01,NetworkOut,3797476,Bytes,,OK
03/08/2026 15:00,MediCore-Web-VM-01,FailedSSHAttempts,0,Count,,OK
03/08/2026 15:00,medicore-db,CPUUtilization,16.19,Percent,,OK
03/08/2026 16:00,MediCore-Web-VM-01,CPUUtilization,15.57,Percent,,OK
03/08/2026 16:00,MediCore-Web-VM-01,NetworkIn,5124583,Bytes,,OK
03/08/2026 16:00,MediCore-Web-VM-01,NetworkOut,2551216,Bytes,,OK
03/08/2026 16:00,MediCore-Web-VM-01,FailedSSHAttempts,0,Count,,OK
03/08/2026 16:00,medicore-db,CPUUtilization,48.5,Percent,,OK
03/08/2026 17:00,MediCore-Web-VM-01,CPUUtilization,12.56,Percent,,OK
03/08/2026 17:00,MediCore-Web-VM-01,NetworkIn,3498907,Bytes,,OK
03/08/2026 17:00,MediCore-Web-VM-01,NetworkOut,2592763,Bytes,,OK
03/08/2026 17:00,MediCore-Web-VM-01,FailedSSHAttempts,0,Count,,OK
03/08/2026 17:00,medicore-db,CPUUtilization,19.06,Percent,,OK
03/08/2026 18:00,MediCore-Web-VM-01,CPUUtilization,55.18,Percent,,OK
03/08/2026 18:00,MediCore-Web-VM-01,NetworkIn,2996531,Bytes,,OK
03/08/2026 18:00,MediCore-Web-VM-01,NetworkOut,1947444,Bytes,,OK
03/08/2026 18:00,MediCore-Web-VM-01,FailedSSHAttempts,0,Count,,OK
03/08/2026 18:00,medicore-db,CPUUtilization,20.81,Percent,,OK
03/08/2026 19:00,MediCore-Web-VM-01,CPUUtilization,1,Percent,,OK
03/08/2026 19:00,MediCore-Web-VM-01,NetworkIn,810149,Bytes,,OK
03/08/2026 19:00,MediCore-Web-VM-01,NetworkOut,569984,Bytes,,OK
03/08/2026 19:00,MediCore-Web-VM-01,FailedSSHAttempts,1,Count,,OK
03/08/2026 19:00,medicore-db,CPUUtilization,37.24,Percent,,OK
03/08/2026 20:00,MediCore-Web-VM-01,CPUUtilization,2.51,Percent,,OK
03/08/2026 20:00,MediCore-Web-VM-01,NetworkIn,1998219,Bytes,,OK
03/08/2026 20:00,MediCore-Web-VM-01,NetworkOut,2149433,Bytes,,OK
03/08/2026 20:00,MediCore-Web-VM-01,FailedSSHAttempts,0,Count,,OK
03/08/2026 20:00,medicore-db,CPUUtilization,11.25,Percent,,OK
03/08/2026 21:00,MediCore-Web-VM-01,CPUUtilization,13.89,Percent,,OK
03/08/2026 21:00,MediCore-Web-VM-01,NetworkIn,16521744,Bytes,High-NetworkIn-WebVM,ALARM
03/08/2026 21:00,MediCore-Web-VM-01,NetworkOut,1773688,Bytes,,OK
03/08/2026 21:00,MediCore-Web-VM-01,FailedSSHAttempts,1,Count,,OK
03/08/2026 21:00,medicore-db,CPUUtilization,8.44,Percent,,OK
03/08/2026 22:00,MediCore-Web-VM-01,CPUUtilization,6.61,Percent,,OK
03/08/2026 22:00,MediCore-Web-VM-01,NetworkIn,336359,Bytes,,OK
03/08/2026 22:00,MediCore-Web-VM-01,NetworkOut,817629,Bytes,,OK
03/08/2026 22:00,MediCore-Web-VM-01,FailedSSHAttempts,1,Count,,OK
03/08/2026 22:00,medicore-db,CPUUtilization,6.08,Percent,,OK
03/08/2026 23:00,MediCore-Web-VM-01,CPUUtilization,6.75,Percent,,OK
03/08/2026 23:00,MediCore-Web-VM-01,NetworkIn,1765569,Bytes,,OK
03/08/2026 23:00,MediCore-Web-VM-01,NetworkOut,591271,Bytes,,OK
03/08/2026 23:00,MediCore-Web-VM-01,FailedSSHAttempts,0,Count,,OK
03/08/2026 23:00,medicore-db,CPUUtilization,7.79,Percent,,OK
04/08/2026 00:00,MediCore-Web-VM-01,CPUUtilization,2.52,Percent,,OK
04/08/2026 00:00,MediCore-Web-VM-01,NetworkIn,1334044,Bytes,,OK
04/08/2026 00:00,MediCore-Web-VM-01,NetworkOut,453236,Bytes,,OK
04/08/2026 00:00,MediCore-Web-VM-01,FailedSSHAttempts,1,Count,,OK
04/08/2026 00:00,medicore-db,CPUUtilization,7.98,Percent,,OK
04/08/2026 01:00,MediCore-Web-VM-01,CPUUtilization,9.34,Percent,,OK
04/08/2026 01:00,MediCore-Web-VM-01,NetworkIn,1896995,Bytes,,OK
04/08/2026 01:00,MediCore-Web-VM-01,NetworkOut,145112,Bytes,,OK
04/08/2026 01:00,MediCore-Web-VM-01,FailedSSHAttempts,1,Count,,OK
04/08/2026 01:00,medicore-db,CPUUtilization,7.45,Percent,,OK
04/08/2026 02:00,MediCore-Web-VM-01,CPUUtilization,19.31,Percent,,OK
04/08/2026 02:00,MediCore-Web-VM-01,NetworkIn,1044029,Bytes,,OK
04/08/2026 02:00,MediCore-Web-VM-01,NetworkOut,1021151,Bytes,,OK
04/08/2026 02:00,MediCore-Web-VM-01,FailedSSHAttempts,4,Count,Failed-SSH-Attempts,ALARM
04/08/2026 02:00,medicore-db,CPUUtilization,1,Percent,,OK
04/08/2026 03:00,MediCore-Web-VM-01,CPUUtilization,37.21,Percent,,OK
04/08/2026 03:00,MediCore-Web-VM-01,NetworkIn,1227542,Bytes,,OK
04/08/2026 03:00,MediCore-Web-VM-01,NetworkOut,1424524,Bytes,,OK
04/08/2026 03:00,MediCore-Web-VM-01,FailedSSHAttempts,3,Count,Failed-SSH-Attempts,ALARM
04/08/2026 03:00,medicore-db,CPUUtilization,4.84,Percent,,OK
04/08/2026 04:00,MediCore-Web-VM-01,CPUUtilization,21.37,Percent,,OK
04/08/2026 04:00,MediCore-Web-VM-01,NetworkIn,2235990,Bytes,,OK
04/08/2026 04:00,MediCore-Web-VM-01,NetworkOut,805303,Bytes,,OK
04/08/2026 04:00,MediCore-Web-VM-01,FailedSSHAttempts,2,Count,,OK
04/08/2026 04:00,medicore-db,CPUUtilization,6.01,Percent,,OK
04/08/2026 05:00,MediCore-Web-VM-01,CPUUtilization,24.53,Percent,,OK
04/08/2026 05:00,MediCore-Web-VM-01,NetworkIn,1083465,Bytes,,OK
04/08/2026 05:00,MediCore-Web-VM-01,NetworkOut,665101,Bytes,,OK
04/08/2026 05:00,MediCore-Web-VM-01,FailedSSHAttempts,0,Count,,OK
04/08/2026 05:00,medicore-db,CPUUtilization,10.18,Percent,,OK
04/08/2026 06:00,MediCore-Web-VM-01,CPUUtilization,21.98,Percent,,OK
04/08/2026 06:00,MediCore-Web-VM-01,NetworkIn,3143398,Bytes,,OK
04/08/2026 06:00,MediCore-Web-VM-01,NetworkOut,919845,Bytes,,OK
04/08/2026 06:00,MediCore-Web-VM-01,FailedSSHAttempts,1,Count,,OK
04/08/2026 06:00,medicore-db,CPUUtilization,9.11,Percent,,OK
04/08/2026 07:00,MediCore-Web-VM-01,CPUUtilization,15.67,Percent,,OK
04/08/2026 07:00,MediCore-Web-VM-01,NetworkIn,1280170,Bytes,,OK
04/08/2026 07:00,MediCore-Web-VM-01,NetworkOut,1801330,Bytes,,OK
04/08/2026 07:00,MediCore-Web-VM-01,FailedSSHAttempts,0,Count,,OK
04/08/2026 07:00,medicore-db,CPUUtilization,5.57,Percent,,OK
04/08/2026 08:00,MediCore-Web-VM-01,CPUUtilization,40.2,Percent,,OK
04/08/2026 08:00,MediCore-Web-VM-01,NetworkIn,3722200,Bytes,,OK
04/08/2026 08:00,MediCore-Web-VM-01,NetworkOut,2376610,Bytes,,OK
04/08/2026 08:00,MediCore-Web-VM-01,FailedSSHAttempts,0,Count,,OK
04/08/2026 08:00,medicore-db,CPUUtilization,20.41,Percent,,OK
04/08/2026 09:00,MediCore-Web-VM-01,CPUUtilization,32.24,Percent,,OK
04/08/2026 09:00,MediCore-Web-VM-01,NetworkIn,3956351,Bytes,,OK
04/08/2026 09:00,MediCore-Web-VM-01,NetworkOut,3245457,Bytes,,OK
04/08/2026 09:00,MediCore-Web-VM-01,FailedSSHAttempts,0,Count,,OK
04/08/2026 09:00,medicore-db,CPUUtilization,17.35,Percent,,OK
04/08/2026 10:00,MediCore-Web-VM-01,CPUUtilization,32.6,Percent,,OK
04/08/2026 10:00,MediCore-Web-VM-01,NetworkIn,4738311,Bytes,,OK
04/08/2026 10:00,MediCore-Web-VM-01,NetworkOut,2604969,Bytes,,OK
04/08/2026 10:00,MediCore-Web-VM-01,FailedSSHAttempts,0,Count,,OK
04/08/2026 10:00,medicore-db,CPUUtilization,19.99,Percent,,OK
04/08/2026 11:00,MediCore-Web-VM-01,CPUUtilization,33.5,Percent,,OK
04/08/2026 11:00,MediCore-Web-VM-01,NetworkIn,4144803,Bytes,,OK
04/08/2026 11:00,MediCore-Web-VM-01,NetworkOut,2723212,Bytes,,OK
04/08/2026 11:00,MediCore-Web-VM-01,FailedSSHAttempts,0,Count,,OK
04/08/2026 11:00,medicore-db,CPUUtilization,13.06,Percent,,OK
04/08/2026 12:00,MediCore-Web-VM-01,CPUUtilization,23.62,Percent,,OK
04/08/2026 12:00,MediCore-Web-VM-01,NetworkIn,4459180,Bytes,,OK
04/08/2026 12:00,MediCore-Web-VM-01,NetworkOut,3345133,Bytes,,OK
04/08/2026 12:00,MediCore-Web-VM-01,FailedSSHAttempts,0,Count,,OK
04/08/2026 12:00,medicore-db,CPUUtilization,17.79,Percent,,OK
04/08/2026 13:00,MediCore-Web-VM-01,CPUUtilization,26.74,Percent,,OK
04/08/2026 13:00,MediCore-Web-VM-01,NetworkIn,2684632,Bytes,,OK
04/08/2026 13:00,MediCore-Web-VM-01,NetworkOut,3465479,Bytes,,OK
04/08/2026 13:00,MediCore-Web-VM-01,FailedSSHAttempts,8,Count,Failed-SSH-Attempts,ALARM
04/08/2026 13:00,medicore-db,CPUUtilization,15.71,Percent,,OK
04/08/2026 14:00,MediCore-Web-VM-01,CPUUtilization,16.21,Percent,,OK
04/08/2026 14:00,MediCore-Web-VM-01,NetworkIn,3850152,Bytes,,OK
04/08/2026 14:00,MediCore-Web-VM-01,NetworkOut,3189702,Bytes,,OK
04/08/2026 14:00,MediCore-Web-VM-01,FailedSSHAttempts,0,Count,,OK
04/08/2026 14:00,medicore-db,CPUUtilization,13.94,Percent,,OK
04/08/2026 15:00,MediCore-Web-VM-01,CPUUtilization,22.22,Percent,,OK
04/08/2026 15:00,MediCore-Web-VM-01,NetworkIn,3587621,Bytes,,OK
04/08/2026 15:00,MediCore-Web-VM-01,NetworkOut,2532201,Bytes,,OK
04/08/2026 15:00,MediCore-Web-VM-01,FailedSSHAttempts,0,Count,,OK
04/08/2026 15:00,medicore-db,CPUUtilization,17.79,Percent,,OK
04/08/2026 16:00,MediCore-Web-VM-01,CPUUtilization,15.25,Percent,,OK
04/08/2026 16:00,MediCore-Web-VM-01,NetworkIn,3658606,Bytes,,OK
04/08/2026 16:00,MediCore-Web-VM-01,NetworkOut,3537166,Bytes,,OK
04/08/2026 16:00,MediCore-Web-VM-01,FailedSSHAttempts,0,Count,,OK
04/08/2026 16:00,medicore-db,CPUUtilization,19.03,Percent,,OK
04/08/2026 17:00,MediCore-Web-VM-01,CPUUtilization,9.4,Percent,,OK
04/08/2026 17:00,MediCore-Web-VM-01,NetworkIn,4117610,Bytes,,OK
04/08/2026 17:00,MediCore-Web-VM-01,NetworkOut,3472605,Bytes,,OK
04/08/2026 17:00,MediCore-Web-VM-01,FailedSSHAttempts,0,Count,,OK
04/08/2026 17:00,medicore-db,CPUUtilization,20.29,Percent,,OK
04/08/2026 18:00,MediCore-Web-VM-01,CPUUtilization,19.71,Percent,,OK
04/08/2026 18:00,MediCore-Web-VM-01,NetworkIn,3846793,Bytes,,OK
04/08/2026 18:00,MediCore-Web-VM-01,NetworkOut,3383121,Bytes,,OK
04/08/2026 18:00,MediCore-Web-VM-01,FailedSSHAttempts,0,Count,,OK
04/08/2026 18:00,medicore-db,CPUUtilization,16.09,Percent,,OK
04/08/2026 19:00,MediCore-Web-VM-01,CPUUtilization,4.19,Percent,,OK
04/08/2026 19:00,MediCore-Web-VM-01,NetworkIn,1487385,Bytes,,OK
04/08/2026 19:00,MediCore-Web-VM-01,NetworkOut,784465,Bytes,,OK
04/08/2026 19:00,MediCore-Web-VM-01,FailedSSHAttempts,0,Count,,OK
04/08/2026 19:00,medicore-db,CPUUtilization,9.75,Percent,,OK
04/08/2026 20:00,MediCore-Web-VM-01,CPUUtilization,2.94,Percent,,OK
04/08/2026 20:00,MediCore-Web-VM-01,NetworkIn,823647,Bytes,,OK
04/08/2026 20:00,MediCore-Web-VM-01,NetworkOut,1227701,Bytes,,OK
04/08/2026 20:00,MediCore-Web-VM-01,FailedSSHAttempts,7,Count,Failed-SSH-Attempts,ALARM
04/08/2026 20:00,medicore-db,CPUUtilization,7.1,Percent,,OK
04/08/2026 21:00,MediCore-Web-VM-01,CPUUtilization,4.16,Percent,,OK
04/08/2026 21:00,MediCore-Web-VM-01,NetworkIn,1268458,Bytes,,OK
04/08/2026 21:00,MediCore-Web-VM-01,NetworkOut,824658,Bytes,,OK
04/08/2026 21:00,MediCore-Web-VM-01,FailedSSHAttempts,0,Count,,OK
04/08/2026 21:00,medicore-db,CPUUtilization,5.75,Percent,,OK
04/08/2026 22:00,MediCore-Web-VM-01,CPUUtilization,7.8,Percent,,OK
04/08/2026 22:00,MediCore-Web-VM-01,NetworkIn,740965,Bytes,,OK
04/08/2026 22:00,MediCore-Web-VM-01,NetworkOut,494159,Bytes,,OK
04/08/2026 22:00,MediCore-Web-VM-01,FailedSSHAttempts,1,Count,,OK
04/08/2026 22:00,medicore-db,CPUUtilization,13.19,Percent,,OK
04/08/2026 23:00,MediCore-Web-VM-01,CPUUtilization,11.43,Percent,,OK
04/08/2026 23:00,MediCore-Web-VM-01,NetworkIn,638300,Bytes,,OK
04/08/2026 23:00,MediCore-Web-VM-01,NetworkOut,370247,Bytes,,OK
04/08/2026 23:00,MediCore-Web-VM-01,FailedSSHAttempts,2,Count,,OK
04/08/2026 23:00,medicore-db,CPUUtilization,5.26,Percent,,OK
05/08/2026 00:00,MediCore-Web-VM-01,CPUUtilization,6.57,Percent,,OK
05/08/2026 00:00,MediCore-Web-VM-01,NetworkIn,1268574,Bytes,,OK
05/08/2026 00:00,MediCore-Web-VM-01,NetworkOut,730980,Bytes,,OK
05/08/2026 00:00,MediCore-Web-VM-01,FailedSSHAttempts,3,Count,Failed-SSH-Attempts,ALARM
05/08/2026 00:00,medicore-db,CPUUtilization,8,Percent,,OK
05/08/2026 01:00,MediCore-Web-VM-01,CPUUtilization,13.08,Percent,,OK
05/08/2026 01:00,MediCore-Web-VM-01,NetworkIn,0,Bytes,,OK
05/08/2026 01:00,MediCore-Web-VM-01,NetworkOut,572311,Bytes,,OK
05/08/2026 01:00,MediCore-Web-VM-01,FailedSSHAttempts,2,Count,,OK
05/08/2026 01:00,medicore-db,CPUUtilization,8.24,Percent,,OK
05/08/2026 02:00,MediCore-Web-VM-01,CPUUtilization,49.67,Percent,,OK
05/08/2026 02:00,MediCore-Web-VM-01,NetworkIn,518904,Bytes,,OK
05/08/2026 02:00,MediCore-Web-VM-01,NetworkOut,1893335,Bytes,,OK
05/08/2026 02:00,MediCore-Web-VM-01,FailedSSHAttempts,2,Count,,OK
05/08/2026 02:00,medicore-db,CPUUtilization,11.86,Percent,,OK
05/08/2026 03:00,MediCore-Web-VM-01,CPUUtilization,13.3,Percent,,OK
05/08/2026 03:00,MediCore-Web-VM-01,NetworkIn,1291228,Bytes,,OK
05/08/2026 03:00,MediCore-Web-VM-01,NetworkOut,541192,Bytes,,OK
05/08/2026 03:00,MediCore-Web-VM-01,FailedSSHAttempts,0,Count,,OK
05/08/2026 03:00,medicore-db,CPUUtilization,6.74,Percent,,OK
05/08/2026 04:00,MediCore-Web-VM-01,CPUUtilization,21.24,Percent,,OK
05/08/2026 04:00,MediCore-Web-VM-01,NetworkIn,1248677,Bytes,,OK
05/08/2026 04:00,MediCore-Web-VM-01,NetworkOut,1850817,Bytes,,OK
05/08/2026 04:00,MediCore-Web-VM-01,FailedSSHAttempts,1,Count,,OK
05/08/2026 04:00,medicore-db,CPUUtilization,7.23,Percent,,OK
05/08/2026 05:00,MediCore-Web-VM-01,CPUUtilization,25.63,Percent,,OK
05/08/2026 05:00,MediCore-Web-VM-01,NetworkIn,1682302,Bytes,,OK
05/08/2026 05:00,MediCore-Web-VM-01,NetworkOut,640724,Bytes,,OK
05/08/2026 05:00,MediCore-Web-VM-01,FailedSSHAttempts,3,Count,Failed-SSH-Attempts,ALARM
05/08/2026 05:00,medicore-db,CPUUtilization,12.4,Percent,,OK
05/08/2026 06:00,MediCore-Web-VM-01,CPUUtilization,21.63,Percent,,OK
05/08/2026 06:00,MediCore-Web-VM-01,NetworkIn,1168117,Bytes,,OK
05/08/2026 06:00,MediCore-Web-VM-01,NetworkOut,577287,Bytes,,OK
05/08/2026 06:00,MediCore-Web-VM-01,FailedSSHAttempts,1,Count,,OK
05/08/2026 06:00,medicore-db,CPUUtilization,10.29,Percent,,OK
05/08/2026 07:00,MediCore-Web-VM-01,CPUUtilization,28.3,Percent,,OK
05/08/2026 07:00,MediCore-Web-VM-01,NetworkIn,16543300,Bytes,High-NetworkIn-WebVM,ALARM
05/08/2026 07:00,MediCore-Web-VM-01,NetworkOut,889911,Bytes,,OK
05/08/2026 07:00,MediCore-Web-VM-01,FailedSSHAttempts,12,Count,Failed-SSH-Attempts,ALARM
05/08/2026 07:00,medicore-db,CPUUtilization,3.71,Percent,,OK
05/08/2026 08:00,MediCore-Web-VM-01,CPUUtilization,42.02,Percent,,OK
05/08/2026 08:00,MediCore-Web-VM-01,NetworkIn,3442704,Bytes,,OK
05/08/2026 08:00,MediCore-Web-VM-01,NetworkOut,2524968,Bytes,,OK
05/08/2026 08:00,MediCore-Web-VM-01,FailedSSHAttempts,0,Count,,OK
05/08/2026 08:00,medicore-db,CPUUtilization,15.9,Percent,,OK
05/08/2026 09:00,MediCore-Web-VM-01,CPUUtilization,32.66,Percent,,OK
05/08/2026 09:00,MediCore-Web-VM-01,NetworkIn,3794131,Bytes,,OK
05/08/2026 09:00,MediCore-Web-VM-01,NetworkOut,3135418,Bytes,,OK
05/08/2026 09:00,MediCore-Web-VM-01,FailedSSHAttempts,0,Count,,OK
05/08/2026 09:00,medicore-db,CPUUtilization,48.93,Percent,,OK
05/08/2026 10:00,MediCore-Web-VM-01,CPUUtilization,23.52,Percent,,OK
05/08/2026 10:00,MediCore-Web-VM-01,NetworkIn,3721094,Bytes,,OK
05/08/2026 10:00,MediCore-Web-VM-01,NetworkOut,3621656,Bytes,,OK
05/08/2026 10:00,MediCore-Web-VM-01,FailedSSHAttempts,0,Count,,OK
05/08/2026 10:00,medicore-db,CPUUtilization,20.88,Percent,,OK
05/08/2026 11:00,MediCore-Web-VM-01,CPUUtilization,31.04,Percent,,OK
05/08/2026 11:00,MediCore-Web-VM-01,NetworkIn,3675732,Bytes,,OK
05/08/2026 11:00,MediCore-Web-VM-01,NetworkOut,3384622,Bytes,,OK
05/08/2026 11:00,MediCore-Web-VM-01,FailedSSHAttempts,0,Count,,OK
05/08/2026 11:00,medicore-db,CPUUtilization,19.64,Percent,,OK
05/08/2026 12:00,MediCore-Web-VM-01,CPUUtilization,79.57,Percent,,OK
05/08/2026 12:00,MediCore-Web-VM-01,NetworkIn,4505978,Bytes,,OK
05/08/2026 12:00,MediCore-Web-VM-01,NetworkOut,3055899,Bytes,,OK
05/08/2026 12:00,MediCore-Web-VM-01,FailedSSHAttempts,0,Count,,OK
05/08/2026 12:00,medicore-db,CPUUtilization,20.93,Percent,,OK
05/08/2026 13:00,MediCore-Web-VM-01,CPUUtilization,23.01,Percent,,OK
05/08/2026 13:00,MediCore-Web-VM-01,NetworkIn,5114868,Bytes,,OK
05/08/2026 13:00,MediCore-Web-VM-01,NetworkOut,3009672,Bytes,,OK
05/08/2026 13:00,MediCore-Web-VM-01,FailedSSHAttempts,0,Count,,OK
05/08/2026 13:00,medicore-db,CPUUtilization,8.49,Percent,,OK
05/08/2026 14:00,MediCore-Web-VM-01,CPUUtilization,22.45,Percent,,OK
05/08/2026 14:00,MediCore-Web-VM-01,NetworkIn,3446382,Bytes,,OK
05/08/2026 14:00,MediCore-Web-VM-01,NetworkOut,3017004,Bytes,,OK
05/08/2026 14:00,MediCore-Web-VM-01,FailedSSHAttempts,0,Count,,OK
05/08/2026 14:00,medicore-db,CPUUtilization,20.87,Percent,,OK
05/08/2026 15:00,MediCore-Web-VM-01,CPUUtilization,18.94,Percent,,OK
05/08/2026 15:00,MediCore-Web-VM-01,NetworkIn,4097051,Bytes,,OK
05/08/2026 15:00,MediCore-Web-VM-01,NetworkOut,2456936,Bytes,,OK
05/08/2026 15:00,MediCore-Web-VM-01,FailedSSHAttempts,0,Count,,OK
05/08/2026 15:00,medicore-db,CPUUtilization,19.24,Percent,,OK
05/08/2026 16:00,MediCore-Web-VM-01,CPUUtilization,16.16,Percent,,OK
05/08/2026 16:00,MediCore-Web-VM-01,NetworkIn,3625670,Bytes,,OK
05/08/2026 16:00,MediCore-Web-VM-01,NetworkOut,3147485,Bytes,,OK
05/08/2026 16:00,MediCore-Web-VM-01,FailedSSHAttempts,0,Count,,OK
05/08/2026 16:00,medicore-db,CPUUtilization,16.78,Percent,,OK
05/08/2026 17:00,MediCore-Web-VM-01,CPUUtilization,9.99,Percent,,OK
05/08/2026 17:00,MediCore-Web-VM-01,NetworkIn,3303900,Bytes,,OK
05/08/2026 17:00,MediCore-Web-VM-01,NetworkOut,3124774,Bytes,,OK
05/08/2026 17:00,MediCore-Web-VM-01,FailedSSHAttempts,0,Count,,OK
05/08/2026 17:00,medicore-db,CPUUtilization,20.01,Percent,,OK
05/08/2026 18:00,MediCore-Web-VM-01,CPUUtilization,16.08,Percent,,OK
05/08/2026 18:00,MediCore-Web-VM-01,NetworkIn,4451911,Bytes,,OK
05/08/2026 18:00,MediCore-Web-VM-01,NetworkOut,3009690,Bytes,,OK
05/08/2026 18:00,MediCore-Web-VM-01,FailedSSHAttempts,1,Count,,OK
05/08/2026 18:00,medicore-db,CPUUtilization,15.08,Percent,,OK
05/08/2026 19:00,MediCore-Web-VM-01,CPUUtilization,8.38,Percent,,OK
05/08/2026 19:00,MediCore-Web-VM-01,NetworkIn,1129072,Bytes,,OK
05/08/2026 19:00,MediCore-Web-VM-01,NetworkOut,0,Bytes,,OK
05/08/2026 19:00,MediCore-Web-VM-01,FailedSSHAttempts,1,Count,,OK
05/08/2026 19:00,medicore-db,CPUUtilization,7.9,Percent,,OK
05/08/2026 20:00,MediCore-Web-VM-01,CPUUtilization,2.01,Percent,,OK
05/08/2026 20:00,MediCore-Web-VM-01,NetworkIn,1094918,Bytes,,OK
05/08/2026 20:00,MediCore-Web-VM-01,NetworkOut,267996,Bytes,,OK
05/08/2026 20:00,MediCore-Web-VM-01,FailedSSHAttempts,0,Count,,OK
05/08/2026 20:00,medicore-db,CPUUtilization,6.8,Percent,,OK
05/08/2026 21:00,MediCore-Web-VM-01,CPUUtilization,1,Percent,,OK
05/08/2026 21:00,MediCore-Web-VM-01,NetworkIn,223186,Bytes,,OK
05/08/2026 21:00,MediCore-Web-VM-01,NetworkOut,546044,Bytes,,OK
05/08/2026 21:00,MediCore-Web-VM-01,FailedSSHAttempts,1,Count,,OK
05/08/2026 21:00,medicore-db,CPUUtilization,10.22,Percent,,OK
05/08/2026 22:00,MediCore-Web-VM-01,CPUUtilization,6.72,Percent,,OK
05/08/2026 22:00,MediCore-Web-VM-01,NetworkIn,227786,Bytes,,OK
05/08/2026 22:00,MediCore-Web-VM-01,NetworkOut,1050028,Bytes,,OK
05/08/2026 22:00,MediCore-Web-VM-01,FailedSSHAttempts,1,Count,,OK
05/08/2026 22:00,medicore-db,CPUUtilization,6.99,Percent,,OK
05/08/2026 23:00,MediCore-Web-VM-01,CPUUtilization,16.01,Percent,,OK
05/08/2026 23:00,MediCore-Web-VM-01,NetworkIn,1089186,Bytes,,OK
05/08/2026 23:00,MediCore-Web-VM-01,NetworkOut,808073,Bytes,,OK
05/08/2026 23:00,MediCore-Web-VM-01,FailedSSHAttempts,0,Count,,OK
05/08/2026 23:00,medicore-db,CPUUtilization,5.38,Percent,,OK
06/08/2026 00:00,MediCore-Web-VM-01,CPUUtilization,11.69,Percent,,OK
06/08/2026 00:00,MediCore-Web-VM-01,NetworkIn,1846456,Bytes,,OK
06/08/2026 00:00,MediCore-Web-VM-01,NetworkOut,374688,Bytes,,OK
06/08/2026 00:00,MediCore-Web-VM-01,FailedSSHAttempts,0,Count,,OK
06/08/2026 00:00,medicore-db,CPUUtilization,8.72,Percent,,OK
06/08/2026 01:00,MediCore-Web-VM-01,CPUUtilization,17.53,Percent,,OK
06/08/2026 01:00,MediCore-Web-VM-01,NetworkIn,872052,Bytes,,OK
06/08/2026 01:00,MediCore-Web-VM-01,NetworkOut,520617,Bytes,,OK
06/08/2026 01:00,MediCore-Web-VM-01,FailedSSHAttempts,20,Count,Failed-SSH-Attempts,ALARM
06/08/2026 01:00,medicore-db,CPUUtilization,9.86,Percent,,OK
06/08/2026 02:00,MediCore-Web-VM-01,CPUUtilization,23.99,Percent,,OK
06/08/2026 02:00,MediCore-Web-VM-01,NetworkIn,0,Bytes,,OK
06/08/2026 02:00,MediCore-Web-VM-01,NetworkOut,2076546,Bytes,,OK
06/08/2026 02:00,MediCore-Web-VM-01,FailedSSHAttempts,0,Count,,OK
06/08/2026 02:00,medicore-db,CPUUtilization,10.91,Percent,,OK
06/08/2026 03:00,MediCore-Web-VM-01,CPUUtilization,21.67,Percent,,OK
06/08/2026 03:00,MediCore-Web-VM-01,NetworkIn,2614251,Bytes,,OK
06/08/2026 03:00,MediCore-Web-VM-01,NetworkOut,930050,Bytes,,OK
06/08/2026 03:00,MediCore-Web-VM-01,FailedSSHAttempts,4,Count,Failed-SSH-Attempts,ALARM
06/08/2026 03:00,medicore-db,CPUUtilization,5.07,Percent,,OK
06/08/2026 04:00,MediCore-Web-VM-01,CPUUtilization,13.6,Percent,,OK
06/08/2026 04:00,MediCore-Web-VM-01,NetworkIn,934717,Bytes,,OK
06/08/2026 04:00,MediCore-Web-VM-01,NetworkOut,0,Bytes,,OK
06/08/2026 04:00,MediCore-Web-VM-01,FailedSSHAttempts,0,Count,,OK
06/08/2026 04:00,medicore-db,CPUUtilization,7.28,Percent,,OK
06/08/2026 05:00,MediCore-Web-VM-01,CPUUtilization,12.43,Percent,,OK
06/08/2026 05:00,MediCore-Web-VM-01,NetworkIn,501650,Bytes,,OK
06/08/2026 05:00,MediCore-Web-VM-01,NetworkOut,898859,Bytes,,OK
06/08/2026 05:00,MediCore-Web-VM-01,FailedSSHAttempts,0,Count,,OK
06/08/2026 05:00,medicore-db,CPUUtilization,10.36,Percent,,OK
06/08/2026 06:00,MediCore-Web-VM-01,CPUUtilization,20.89,Percent,,OK
06/08/2026 06:00,MediCore-Web-VM-01,NetworkIn,1237478,Bytes,,OK
06/08/2026 06:00,MediCore-Web-VM-01,NetworkOut,1385804,Bytes,,OK
06/08/2026 06:00,MediCore-Web-VM-01,FailedSSHAttempts,2,Count,,OK
06/08/2026 06:00,medicore-db,CPUUtilization,6.88,Percent,,OK
06/08/2026 07:00,MediCore-Web-VM-01,CPUUtilization,25.2,Percent,,OK
06/08/2026 07:00,MediCore-Web-VM-01,NetworkIn,1306080,Bytes,,OK
06/08/2026 07:00,MediCore-Web-VM-01,NetworkOut,12835031,Bytes,High-NetworkOut-WebVM,ALARM
06/08/2026 07:00,MediCore-Web-VM-01,FailedSSHAttempts,0,Count,,OK
06/08/2026 07:00,medicore-db,CPUUtilization,8.99,Percent,,OK
06/08/2026 08:00,MediCore-Web-VM-01,CPUUtilization,32.33,Percent,,OK
06/08/2026 08:00,MediCore-Web-VM-01,NetworkIn,4034117,Bytes,,OK
06/08/2026 08:00,MediCore-Web-VM-01,NetworkOut,11899617,Bytes,High-NetworkOut-WebVM,ALARM
06/08/2026 08:00,MediCore-Web-VM-01,FailedSSHAttempts,0,Count,,OK
06/08/2026 08:00,medicore-db,CPUUtilization,21.58,Percent,,OK
06/08/2026 09:00,MediCore-Web-VM-01,CPUUtilization,30.92,Percent,,OK
06/08/2026 09:00,MediCore-Web-VM-01,NetworkIn,3218328,Bytes,,OK
06/08/2026 09:00,MediCore-Web-VM-01,NetworkOut,3325461,Bytes,,OK
06/08/2026 09:00,MediCore-Web-VM-01,FailedSSHAttempts,0,Count,,OK
06/08/2026 09:00,medicore-db,CPUUtilization,14.98,Percent,,OK
06/08/2026 10:00,MediCore-Web-VM-01,CPUUtilization,55.72,Percent,,OK
06/08/2026 10:00,MediCore-Web-VM-01,NetworkIn,3773979,Bytes,,OK
06/08/2026 10:00,MediCore-Web-VM-01,NetworkOut,3297249,Bytes,,OK
06/08/2026 10:00,MediCore-Web-VM-01,FailedSSHAttempts,0,Count,,OK
06/08/2026 10:00,medicore-db,CPUUtilization,16.66,Percent,,OK
06/08/2026 11:00,MediCore-Web-VM-01,CPUUtilization,29.8,Percent,,OK
06/08/2026 11:00,MediCore-Web-VM-01,NetworkIn,5356288,Bytes,,OK
06/08/2026 11:00,MediCore-Web-VM-01,NetworkOut,1670761,Bytes,,OK
06/08/2026 11:00,MediCore-Web-VM-01,FailedSSHAttempts,1,Count,,OK
06/08/2026 11:00,medicore-db,CPUUtilization,19.76,Percent,,OK
06/08/2026 12:00,MediCore-Web-VM-01,CPUUtilization,29.61,Percent,,OK
06/08/2026 12:00,MediCore-Web-VM-01,NetworkIn,3599598,Bytes,,OK
06/08/2026 12:00,MediCore-Web-VM-01,NetworkOut,3995338,Bytes,,OK
06/08/2026 12:00,MediCore-Web-VM-01,FailedSSHAttempts,0,Count,,OK
06/08/2026 12:00,medicore-db,CPUUtilization,17.14,Percent,,OK
06/08/2026 13:00,MediCore-Web-VM-01,CPUUtilization,28.77,Percent,,OK
06/08/2026 13:00,MediCore-Web-VM-01,NetworkIn,3489157,Bytes,,OK
06/08/2026 13:00,MediCore-Web-VM-01,NetworkOut,3007409,Bytes,,OK
06/08/2026 13:00,MediCore-Web-VM-01,FailedSSHAttempts,0,Count,,OK
06/08/2026 13:00,medicore-db,CPUUtilization,18.98,Percent,,OK
06/08/2026 14:00,MediCore-Web-VM-01,CPUUtilization,16.74,Percent,,OK
06/08/2026 14:00,MediCore-Web-VM-01,NetworkIn,4707113,Bytes,,OK
06/08/2026 14:00,MediCore-Web-VM-01,NetworkOut,2394658,Bytes,,OK
06/08/2026 14:00,MediCore-Web-VM-01,FailedSSHAttempts,0,Count,,OK
06/08/2026 14:00,medicore-db,CPUUtilization,18.22,Percent,,OK
06/08/2026 15:00,MediCore-Web-VM-01,CPUUtilization,19.17,Percent,,OK
06/08/2026 15:00,MediCore-Web-VM-01,NetworkIn,3768406,Bytes,,OK
06/08/2026 15:00,MediCore-Web-VM-01,NetworkOut,3001330,Bytes,,OK
06/08/2026 15:00,MediCore-Web-VM-01,FailedSSHAttempts,1,Count,,OK
06/08/2026 15:00,medicore-db,CPUUtilization,17.48,Percent,,OK
06/08/2026 16:00,MediCore-Web-VM-01,CPUUtilization,12.76,Percent,,OK
06/08/2026 16:00,MediCore-Web-VM-01,NetworkIn,2713274,Bytes,,OK
06/08/2026 16:00,MediCore-Web-VM-01,NetworkOut,3307038,Bytes,,OK
06/08/2026 16:00,MediCore-Web-VM-01,FailedSSHAttempts,0,Count,,OK
06/08/2026 16:00,medicore-db,CPUUtilization,21.42,Percent,,OK
06/08/2026 17:00,MediCore-Web-VM-01,CPUUtilization,15.67,Percent,,OK
06/08/2026 17:00,MediCore-Web-VM-01,NetworkIn,4797031,Bytes,,OK
06/08/2026 17:00,MediCore-Web-VM-01,NetworkOut,2424504,Bytes,,OK
06/08/2026 17:00,MediCore-Web-VM-01,FailedSSHAttempts,1,Count,,OK
06/08/2026 17:00,medicore-db,CPUUtilization,15.7,Percent,,OK
06/08/2026 18:00,MediCore-Web-VM-01,CPUUtilization,11.71,Percent,,OK
06/08/2026 18:00,MediCore-Web-VM-01,NetworkIn,4244451,Bytes,,OK
06/08/2026 18:00,MediCore-Web-VM-01,NetworkOut,3114473,Bytes,,OK
06/08/2026 18:00,MediCore-Web-VM-01,FailedSSHAttempts,0,Count,,OK
06/08/2026 18:00,medicore-db,CPUUtilization,17.5,Percent,,OK
06/08/2026 19:00,MediCore-Web-VM-01,CPUUtilization,4.79,Percent,,OK
06/08/2026 19:00,MediCore-Web-VM-01,NetworkIn,450753,Bytes,,OK
06/08/2026 19:00,MediCore-Web-VM-01,NetworkOut,1356925,Bytes,,OK
06/08/2026 19:00,MediCore-Web-VM-01,FailedSSHAttempts,0,Count,,OK
06/08/2026 19:00,medicore-db,CPUUtilization,9.38,Percent,,OK
06/08/2026 20:00,MediCore-Web-VM-01,CPUUtilization,1.9,Percent,,OK
06/08/2026 20:00,MediCore-Web-VM-01,NetworkIn,1034458,Bytes,,OK
06/08/2026 20:00,MediCore-Web-VM-01,NetworkOut,1162806,Bytes,,OK
06/08/2026 20:00,MediCore-Web-VM-01,FailedSSHAttempts,1,Count,,OK
06/08/2026 20:00,medicore-db,CPUUtilization,12.47,Percent,,OK
06/08/2026 21:00,MediCore-Web-VM-01,CPUUtilization,8.87,Percent,,OK
06/08/2026 21:00,MediCore-Web-VM-01,NetworkIn,349907,Bytes,,OK
06/08/2026 21:00,MediCore-Web-VM-01,NetworkOut,1128119,Bytes,,OK
06/08/2026 21:00,MediCore-Web-VM-01,FailedSSHAttempts,0,Count,,OK
06/08/2026 21:00,medicore-db,CPUUtilization,6.09,Percent,,OK
06/08/2026 22:00,MediCore-Web-VM-01,CPUUtilization,10.02,Percent,,OK
06/08/2026 22:00,MediCore-Web-VM-01,NetworkIn,1573341,Bytes,,OK
06/08/2026 22:00,MediCore-Web-VM-01,NetworkOut,442396,Bytes,,OK
06/08/2026 22:00,MediCore-Web-VM-01,FailedSSHAttempts,3,Count,Failed-SSH-Attempts,ALARM
06/08/2026 22:00,medicore-db,CPUUtilization,8.33,Percent,,OK
06/08/2026 23:00,MediCore-Web-VM-01,CPUUtilization,18.84,Percent,,OK
06/08/2026 23:00,MediCore-Web-VM-01,NetworkIn,1076364,Bytes,,OK
06/08/2026 23:00,MediCore-Web-VM-01,NetworkOut,343511,Bytes,,OK
06/08/2026 23:00,MediCore-Web-VM-01,FailedSSHAttempts,2,Count,,OK
06/08/2026 23:00,medicore-db,CPUUtilization,5.22,Percent,,OK
07/08/2026 00:00,MediCore-Web-VM-01,CPUUtilization,13.88,Percent,,OK
07/08/2026 00:00,MediCore-Web-VM-01,NetworkIn,896191,Bytes,,OK
07/08/2026 00:00,MediCore-Web-VM-01,NetworkOut,910344,Bytes,,OK
07/08/2026 00:00,MediCore-Web-VM-01,FailedSSHAttempts,1,Count,,OK
07/08/2026 00:00,medicore-db,CPUUtilization,12.03,Percent,,OK
07/08/2026 01:00,MediCore-Web-VM-01,CPUUtilization,13.31,Percent,,OK
07/08/2026 01:00,MediCore-Web-VM-01,NetworkIn,1717624,Bytes,,OK
07/08/2026 01:00,MediCore-Web-VM-01,NetworkOut,1332090,Bytes,,OK
07/08/2026 01:00,MediCore-Web-VM-01,FailedSSHAttempts,1,Count,,OK
07/08/2026 01:00,medicore-db,CPUUtilization,7.36,Percent,,OK
07/08/2026 02:00,MediCore-Web-VM-01,CPUUtilization,12.55,Percent,,OK
07/08/2026 02:00,MediCore-Web-VM-01,NetworkIn,1173749,Bytes,,OK
07/08/2026 02:00,MediCore-Web-VM-01,NetworkOut,1650695,Bytes,,OK
07/08/2026 02:00,MediCore-Web-VM-01,FailedSSHAttempts,0,Count,,OK
07/08/2026 02:00,medicore-db,CPUUtilization,8.58,Percent,,OK
07/08/2026 03:00,MediCore-Web-VM-01,CPUUtilization,20.02,Percent,,OK
07/08/2026 03:00,MediCore-Web-VM-01,NetworkIn,1921411,Bytes,,OK
07/08/2026 03:00,MediCore-Web-VM-01,NetworkOut,1401519,Bytes,,OK
07/08/2026 03:00,MediCore-Web-VM-01,FailedSSHAttempts,0,Count,,OK
07/08/2026 03:00,medicore-db,CPUUtilization,5.94,Percent,,OK
07/08/2026 04:00,MediCore-Web-VM-01,CPUUtilization,12.11,Percent,,OK
07/08/2026 04:00,MediCore-Web-VM-01,NetworkIn,2972671,Bytes,,OK
07/08/2026 04:00,MediCore-Web-VM-01,NetworkOut,889551,Bytes,,OK
07/08/2026 04:00,MediCore-Web-VM-01,FailedSSHAttempts,0,Count,,OK
07/08/2026 04:00,medicore-db,CPUUtilization,6.33,Percent,,OK
07/08/2026 05:00,MediCore-Web-VM-01,CPUUtilization,31.14,Percent,,OK
07/08/2026 05:00,MediCore-Web-VM-01,NetworkIn,576354,Bytes,,OK
07/08/2026 05:00,MediCore-Web-VM-01,NetworkOut,1259625,Bytes,,OK
07/08/2026 05:00,MediCore-Web-VM-01,FailedSSHAttempts,2,Count,,OK
07/08/2026 05:00,medicore-db,CPUUtilization,7.63,Percent,,OK
07/08/2026 06:00,MediCore-Web-VM-01,CPUUtilization,30.15,Percent,,OK
07/08/2026 06:00,MediCore-Web-VM-01,NetworkIn,386732,Bytes,,OK
07/08/2026 06:00,MediCore-Web-VM-01,NetworkOut,35248,Bytes,,OK
07/08/2026 06:00,MediCore-Web-VM-01,FailedSSHAttempts,0,Count,,OK
07/08/2026 06:00,medicore-db,CPUUtilization,8.79,Percent,,OK
07/08/2026 07:00,MediCore-Web-VM-01,CPUUtilization,20.09,Percent,,OK
07/08/2026 07:00,MediCore-Web-VM-01,NetworkIn,498833,Bytes,,OK
07/08/2026 07:00,MediCore-Web-VM-01,NetworkOut,1294071,Bytes,,OK
07/08/2026 07:00,MediCore-Web-VM-01,FailedSSHAttempts,1,Count,,OK
07/08/2026 07:00,medicore-db,CPUUtilization,8.94,Percent,,OK
07/08/2026 08:00,MediCore-Web-VM-01,CPUUtilization,37.41,Percent,,OK
07/08/2026 08:00,MediCore-Web-VM-01,NetworkIn,3106200,Bytes,,OK
07/08/2026 08:00,MediCore-Web-VM-01,NetworkOut,3474254,Bytes,,OK
07/08/2026 08:00,MediCore-Web-VM-01,FailedSSHAttempts,0,Count,,OK
07/08/2026 08:00,medicore-db,CPUUtilization,18.09,Percent,,OK
07/08/2026 09:00,MediCore-Web-VM-01,CPUUtilization,34.84,Percent,,OK
07/08/2026 09:00,MediCore-Web-VM-01,NetworkIn,4255846,Bytes,,OK
07/08/2026 09:00,MediCore-Web-VM-01,NetworkOut,3496461,Bytes,,OK
07/08/2026 09:00,MediCore-Web-VM-01,FailedSSHAttempts,0,Count,,OK
07/08/2026 09:00,medicore-db,CPUUtilization,17.17,Percent,,OK
07/08/2026 10:00,MediCore-Web-VM-01,CPUUtilization,28.48,Percent,,OK
07/08/2026 10:00,MediCore-Web-VM-01,NetworkIn,4176661,Bytes,,OK
07/08/2026 10:00,MediCore-Web-VM-01,NetworkOut,3223931,Bytes,,OK
07/08/2026 10:00,MediCore-Web-VM-01,FailedSSHAttempts,0,Count,,OK
07/08/2026 10:00,medicore-db,CPUUtilization,24.79,Percent,,OK
07/08/2026 11:00,MediCore-Web-VM-01,CPUUtilization,26.49,Percent,,OK
07/08/2026 11:00,MediCore-Web-VM-01,NetworkIn,3493494,Bytes,,OK
07/08/2026 11:00,MediCore-Web-VM-01,NetworkOut,2999738,Bytes,,OK
07/08/2026 11:00,MediCore-Web-VM-01,FailedSSHAttempts,1,Count,,OK
07/08/2026 11:00,medicore-db,CPUUtilization,17.12,Percent,,OK
07/08/2026 12:00,MediCore-Web-VM-01,CPUUtilization,28.04,Percent,,OK
07/08/2026 12:00,MediCore-Web-VM-01,NetworkIn,4559138,Bytes,,OK
07/08/2026 12:00,MediCore-Web-VM-01,NetworkOut,2574849,Bytes,,OK
07/08/2026 12:00,MediCore-Web-VM-01,FailedSSHAttempts,0,Count,,OK
07/08/2026 12:00,medicore-db,CPUUtilization,18.05,Percent,,OK
07/08/2026 13:00,MediCore-Web-VM-01,CPUUtilization,56.28,Percent,,OK
07/08/2026 13:00,MediCore-Web-VM-01,NetworkIn,5183280,Bytes,,OK
07/08/2026 13:00,MediCore-Web-VM-01,NetworkOut,3733819,Bytes,,OK
07/08/2026 13:00,MediCore-Web-VM-01,FailedSSHAttempts,0,Count,,OK
07/08/2026 13:00,medicore-db,CPUUtilization,12.75,Percent,,OK
07/08/2026 14:00,MediCore-Web-VM-01,CPUUtilization,22.64,Percent,,OK
07/08/2026 14:00,MediCore-Web-VM-01,NetworkIn,2636932,Bytes,,OK
07/08/2026 14:00,MediCore-Web-VM-01,NetworkOut,4016890,Bytes,,OK
07/08/2026 14:00,MediCore-Web-VM-01,FailedSSHAttempts,1,Count,,OK
07/08/2026 14:00,medicore-db,CPUUtilization,15.58,Percent,,OK
07/08/2026 15:00,MediCore-Web-VM-01,CPUUtilization,22.26,Percent,,OK
07/08/2026 15:00,MediCore-Web-VM-01,NetworkIn,1981091,Bytes,,OK
07/08/2026 15:00,MediCore-Web-VM-01,NetworkOut,3042100,Bytes,,OK
07/08/2026 15:00,MediCore-Web-VM-01,FailedSSHAttempts,0,Count,,OK
07/08/2026 15:00,medicore-db,CPUUtilization,17.42,Percent,,OK
07/08/2026 16:00,MediCore-Web-VM-01,CPUUtilization,11.96,Percent,,OK
07/08/2026 16:00,MediCore-Web-VM-01,NetworkIn,2303024,Bytes,,OK
07/08/2026 16:00,MediCore-Web-VM-01,NetworkOut,15501850,Bytes,High-NetworkOut-WebVM,ALARM
07/08/2026 16:00,MediCore-Web-VM-01,FailedSSHAttempts,1,Count,,OK
07/08/2026 16:00,medicore-db,CPUUtilization,16.56,Percent,,OK
07/08/2026 17:00,MediCore-Web-VM-01,CPUUtilization,3.4,Percent,,OK
07/08/2026 17:00,MediCore-Web-VM-01,NetworkIn,4120119,Bytes,,OK
07/08/2026 17:00,MediCore-Web-VM-01,NetworkOut,3121608,Bytes,,OK
07/08/2026 17:00,MediCore-Web-VM-01,FailedSSHAttempts,0,Count,,OK
07/08/2026 17:00,medicore-db,CPUUtilization,24.19,Percent,,OK
07/08/2026 18:00,MediCore-Web-VM-01,CPUUtilization,17.77,Percent,,OK
07/08/2026 18:00,MediCore-Web-VM-01,NetworkIn,3059499,Bytes,,OK
07/08/2026 18:00,MediCore-Web-VM-01,NetworkOut,2826401,Bytes,,OK
07/08/2026 18:00,MediCore-Web-VM-01,FailedSSHAttempts,0,Count,,OK
07/08/2026 18:00,medicore-db,CPUUtilization,24.05,Percent,,OK
07/08/2026 19:00,MediCore-Web-VM-01,CPUUtilization,1,Percent,,OK
07/08/2026 19:00,MediCore-Web-VM-01,NetworkIn,2105929,Bytes,,OK
07/08/2026 19:00,MediCore-Web-VM-01,NetworkOut,773980,Bytes,,OK
07/08/2026 19:00,MediCore-Web-VM-01,FailedSSHAttempts,1,Count,,OK
07/08/2026 19:00,medicore-db,CPUUtilization,7.45,Percent,,OK
07/08/2026 20:00,MediCore-Web-VM-01,CPUUtilization,1,Percent,,OK
07/08/2026 20:00,MediCore-Web-VM-01,NetworkIn,1559360,Bytes,,OK
07/08/2026 20:00,MediCore-Web-VM-01,NetworkOut,212192,Bytes,,OK
07/08/2026 20:00,MediCore-Web-VM-01,FailedSSHAttempts,0,Count,,OK
07/08/2026 20:00,medicore-db,CPUUtilization,9.94,Percent,,OK
07/08/2026 21:00,MediCore-Web-VM-01,CPUUtilization,1,Percent,,OK
07/08/2026 21:00,MediCore-Web-VM-01,NetworkIn,1004281,Bytes,,OK
07/08/2026 21:00,MediCore-Web-VM-01,NetworkOut,218810,Bytes,,OK
07/08/2026 21:00,MediCore-Web-VM-01,FailedSSHAttempts,1,Count,,OK
07/08/2026 21:00,medicore-db,CPUUtilization,9.81,Percent,,OK
07/08/2026 22:00,MediCore-Web-VM-01,CPUUtilization,7.62,Percent,,OK
07/08/2026 22:00,MediCore-Web-VM-01,NetworkIn,889862,Bytes,,OK
07/08/2026 22:00,MediCore-Web-VM-01,NetworkOut,1510224,Bytes,,OK
07/08/2026 22:00,MediCore-Web-VM-01,FailedSSHAttempts,0,Count,,OK
07/08/2026 22:00,medicore-db,CPUUtilization,7.3,Percent,,OK
07/08/2026 23:00,MediCore-Web-VM-01,CPUUtilization,15.89,Percent,,OK
07/08/2026 23:00,MediCore-Web-VM-01,NetworkIn,1384582,Bytes,,OK
07/08/2026 23:00,MediCore-Web-VM-01,NetworkOut,1511113,Bytes,,OK
07/08/2026 23:00,MediCore-Web-VM-01,FailedSSHAttempts,1,Count,,OK
07/08/2026 23:00,medicore-db,CPUUtilization,6.6,Percent,,OK
08/08/2026 00:00,MediCore-Web-VM-01,CPUUtilization,49.1,Percent,,OK
08/08/2026 00:00,MediCore-Web-VM-01,NetworkIn,77964,Bytes,,OK
08/08/2026 00:00,MediCore-Web-VM-01,NetworkOut,507918,Bytes,,OK
08/08/2026 00:00,MediCore-Web-VM-01,FailedSSHAttempts,2,Count,,OK
08/08/2026 00:00,medicore-db,CPUUtilization,9.57,Percent,,OK
08/08/2026 01:00,MediCore-Web-VM-01,CPUUtilization,13.84,Percent,,OK
08/08/2026 01:00,MediCore-Web-VM-01,NetworkIn,112146,Bytes,,OK
08/08/2026 01:00,MediCore-Web-VM-01,NetworkOut,6666771,Bytes,,OK
08/08/2026 01:00,MediCore-Web-VM-01,FailedSSHAttempts,0,Count,,OK
08/08/2026 01:00,medicore-db,CPUUtilization,2.53,Percent,,OK
08/08/2026 02:00,MediCore-Web-VM-01,CPUUtilization,18.85,Percent,,OK
08/08/2026 02:00,MediCore-Web-VM-01,NetworkIn,719252,Bytes,,OK
08/08/2026 02:00,MediCore-Web-VM-01,NetworkOut,317557,Bytes,,OK
08/08/2026 02:00,MediCore-Web-VM-01,FailedSSHAttempts,0,Count,,OK
08/08/2026 02:00,medicore-db,CPUUtilization,9.3,Percent,,OK
08/08/2026 03:00,MediCore-Web-VM-01,CPUUtilization,14.01,Percent,,OK
08/08/2026 03:00,MediCore-Web-VM-01,NetworkIn,19524425,Bytes,High-NetworkIn-WebVM,ALARM
08/08/2026 03:00,MediCore-Web-VM-01,NetworkOut,1083324,Bytes,,OK
08/08/2026 03:00,MediCore-Web-VM-01,FailedSSHAttempts,15,Count,Failed-SSH-Attempts,ALARM
08/08/2026 03:00,medicore-db,CPUUtilization,10.43,Percent,,OK
08/08/2026 04:00,MediCore-Web-VM-01,CPUUtilization,15.74,Percent,,OK
08/08/2026 04:00,MediCore-Web-VM-01,NetworkIn,1322622,Bytes,,OK
08/08/2026 04:00,MediCore-Web-VM-01,NetworkOut,417361,Bytes,,OK
08/08/2026 04:00,MediCore-Web-VM-01,FailedSSHAttempts,2,Count,,OK
08/08/2026 04:00,medicore-db,CPUUtilization,6.65,Percent,,OK
08/08/2026 05:00,MediCore-Web-VM-01,CPUUtilization,13.61,Percent,,OK
08/08/2026 05:00,MediCore-Web-VM-01,NetworkIn,2057829,Bytes,,OK
08/08/2026 05:00,MediCore-Web-VM-01,NetworkOut,808295,Bytes,,OK
08/08/2026 05:00,MediCore-Web-VM-01,FailedSSHAttempts,1,Count,,OK
08/08/2026 05:00,medicore-db,CPUUtilization,5.91,Percent,,OK
08/08/2026 06:00,MediCore-Web-VM-01,CPUUtilization,19.44,Percent,,OK
08/08/2026 06:00,MediCore-Web-VM-01,NetworkIn,956969,Bytes,,OK
08/08/2026 06:00,MediCore-Web-VM-01,NetworkOut,1285401,Bytes,,OK
08/08/2026 06:00,MediCore-Web-VM-01,FailedSSHAttempts,1,Count,,OK
08/08/2026 06:00,medicore-db,CPUUtilization,5.6,Percent,,OK
08/08/2026 07:00,MediCore-Web-VM-01,CPUUtilization,26.66,Percent,,OK
08/08/2026 07:00,MediCore-Web-VM-01,NetworkIn,1089000,Bytes,,OK
08/08/2026 07:00,MediCore-Web-VM-01,NetworkOut,656511,Bytes,,OK
08/08/2026 07:00,MediCore-Web-VM-01,FailedSSHAttempts,0,Count,,OK
08/08/2026 07:00,medicore-db,CPUUtilization,5.31,Percent,,OK
08/08/2026 08:00,MediCore-Web-VM-01,CPUUtilization,22.7,Percent,,OK
08/08/2026 08:00,MediCore-Web-VM-01,NetworkIn,619623,Bytes,,OK
08/08/2026 08:00,MediCore-Web-VM-01,NetworkOut,97622,Bytes,,OK
08/08/2026 08:00,MediCore-Web-VM-01,FailedSSHAttempts,0,Count,,OK
08/08/2026 08:00,medicore-db,CPUUtilization,9.07,Percent,,OK
08/08/2026 09:00,MediCore-Web-VM-01,CPUUtilization,15.93,Percent,,OK
08/08/2026 09:00,MediCore-Web-VM-01,NetworkIn,1034727,Bytes,,OK
08/08/2026 09:00,MediCore-Web-VM-01,NetworkOut,736156,Bytes,,OK
08/08/2026 09:00,MediCore-Web-VM-01,FailedSSHAttempts,2,Count,,OK
08/08/2026 09:00,medicore-db,CPUUtilization,7.12,Percent,,OK
08/08/2026 10:00,MediCore-Web-VM-01,CPUUtilization,22.36,Percent,,OK
08/08/2026 10:00,MediCore-Web-VM-01,NetworkIn,432645,Bytes,,OK
08/08/2026 10:00,MediCore-Web-VM-01,NetworkOut,866064,Bytes,,OK
08/08/2026 10:00,MediCore-Web-VM-01,FailedSSHAttempts,2,Count,,OK
08/08/2026 10:00,medicore-db,CPUUtilization,37.78,Percent,,OK
08/08/2026 11:00,MediCore-Web-VM-01,CPUUtilization,17.63,Percent,,OK
08/08/2026 11:00,MediCore-Web-VM-01,NetworkIn,563861,Bytes,,OK
08/08/2026 11:00,MediCore-Web-VM-01,NetworkOut,1742262,Bytes,,OK
08/08/2026 11:00,MediCore-Web-VM-01,FailedSSHAttempts,0,Count,,OK
08/08/2026 11:00,medicore-db,CPUUtilization,6.33,Percent,,OK
08/08/2026 12:00,MediCore-Web-VM-01,CPUUtilization,18.76,Percent,,OK
08/08/2026 12:00,MediCore-Web-VM-01,NetworkIn,268506,Bytes,,OK
08/08/2026 12:00,MediCore-Web-VM-01,NetworkOut,0,Bytes,,OK
08/08/2026 12:00,MediCore-Web-VM-01,FailedSSHAttempts,0,Count,,OK
08/08/2026 12:00,medicore-db,CPUUtilization,3.46,Percent,,OK
08/08/2026 13:00,MediCore-Web-VM-01,CPUUtilization,41.47,Percent,,OK
08/08/2026 13:00,MediCore-Web-VM-01,NetworkIn,1519551,Bytes,,OK
08/08/2026 13:00,MediCore-Web-VM-01,NetworkOut,774719,Bytes,,OK
08/08/2026 13:00,MediCore-Web-VM-01,FailedSSHAttempts,2,Count,,OK
08/08/2026 13:00,medicore-db,CPUUtilization,8.45,Percent,,OK
08/08/2026 14:00,MediCore-Web-VM-01,CPUUtilization,2.71,Percent,,OK
08/08/2026 14:00,MediCore-Web-VM-01,NetworkIn,1202782,Bytes,,OK
08/08/2026 14:00,MediCore-Web-VM-01,NetworkOut,1196238,Bytes,,OK
08/08/2026 14:00,MediCore-Web-VM-01,FailedSSHAttempts,0,Count,,OK
08/08/2026 14:00,medicore-db,CPUUtilization,3.28,Percent,,OK
08/08/2026 15:00,MediCore-Web-VM-01,CPUUtilization,1,Percent,,OK
08/08/2026 15:00,MediCore-Web-VM-01,NetworkIn,1814727,Bytes,,OK
08/08/2026 15:00,MediCore-Web-VM-01,NetworkOut,514836,Bytes,,OK
08/08/2026 15:00,MediCore-Web-VM-01,FailedSSHAttempts,0,Count,,OK
08/08/2026 15:00,medicore-db,CPUUtilization,7.15,Percent,,OK
08/08/2026 16:00,MediCore-Web-VM-01,CPUUtilization,1,Percent,,OK
08/08/2026 16:00,MediCore-Web-VM-01,NetworkIn,1080477,Bytes,,OK
08/08/2026 16:00,MediCore-Web-VM-01,NetworkOut,0,Bytes,,OK
08/08/2026 16:00,MediCore-Web-VM-01,FailedSSHAttempts,0,Count,,OK
08/08/2026 16:00,medicore-db,CPUUtilization,6.81,Percent,,OK
08/08/2026 17:00,MediCore-Web-VM-01,CPUUtilization,1,Percent,,OK
08/08/2026 17:00,MediCore-Web-VM-01,NetworkIn,280080,Bytes,,OK
08/08/2026 17:00,MediCore-Web-VM-01,NetworkOut,1296674,Bytes,,OK
08/08/2026 17:00,MediCore-Web-VM-01,FailedSSHAttempts,2,Count,,OK
08/08/2026 17:00,medicore-db,CPUUtilization,6.74,Percent,,OK
08/08/2026 18:00,MediCore-Web-VM-01,CPUUtilization,1,Percent,,OK
08/08/2026 18:00,MediCore-Web-VM-01,NetworkIn,1350654,Bytes,,OK
08/08/2026 18:00,MediCore-Web-VM-01,NetworkOut,1283275,Bytes,,OK
08/08/2026 18:00,MediCore-Web-VM-01,FailedSSHAttempts,0,Count,,OK
08/08/2026 18:00,medicore-db,CPUUtilization,5.14,Percent,,OK
08/08/2026 19:00,MediCore-Web-VM-01,CPUUtilization,12.34,Percent,,OK
08/08/2026 19:00,MediCore-Web-VM-01,NetworkIn,2136619,Bytes,,OK
08/08/2026 19:00,MediCore-Web-VM-01,NetworkOut,1403790,Bytes,,OK
08/08/2026 19:00,MediCore-Web-VM-01,FailedSSHAttempts,0,Count,,OK
08/08/2026 19:00,medicore-db,CPUUtilization,11.42,Percent,,OK
08/08/2026 20:00,MediCore-Web-VM-01,CPUUtilization,1,Percent,,OK
08/08/2026 20:00,MediCore-Web-VM-01,NetworkIn,1870063,Bytes,,OK
08/08/2026 20:00,MediCore-Web-VM-01,NetworkOut,608556,Bytes,,OK
08/08/2026 20:00,MediCore-Web-VM-01,FailedSSHAttempts,0,Count,,OK
08/08/2026 20:00,medicore-db,CPUUtilization,7.19,Percent,,OK
08/08/2026 21:00,MediCore-Web-VM-01,CPUUtilization,2.27,Percent,,OK
08/08/2026 21:00,MediCore-Web-VM-01,NetworkIn,21296363,Bytes,High-NetworkIn-WebVM,ALARM
08/08/2026 21:00,MediCore-Web-VM-01,NetworkOut,254738,Bytes,,OK
08/08/2026 21:00,MediCore-Web-VM-01,FailedSSHAttempts,0,Count,,OK
08/08/2026 21:00,medicore-db,CPUUtilization,9.16,Percent,,OK
08/08/2026 22:00,MediCore-Web-VM-01,CPUUtilization,7.41,Percent,,OK
08/08/2026 22:00,MediCore-Web-VM-01,NetworkIn,1293916,Bytes,,OK
08/08/2026 22:00,MediCore-Web-VM-01,NetworkOut,1114171,Bytes,,OK
08/08/2026 22:00,MediCore-Web-VM-01,FailedSSHAttempts,2,Count,,OK
08/08/2026 22:00,medicore-db,CPUUtilization,8.11,Percent,,OK
08/08/2026 23:00,MediCore-Web-VM-01,CPUUtilization,11.57,Percent,,OK
08/08/2026 23:00,MediCore-Web-VM-01,NetworkIn,0,Bytes,,OK
08/08/2026 23:00,MediCore-Web-VM-01,NetworkOut,1699735,Bytes,,OK
08/08/2026 23:00,MediCore-Web-VM-01,FailedSSHAttempts,1,Count,,OK
08/08/2026 23:00,medicore-db,CPUUtilization,4.17,Percent,,OK
09/08/2026 00:00,MediCore-Web-VM-01,CPUUtilization,15.68,Percent,,OK
09/08/2026 00:00,MediCore-Web-VM-01,NetworkIn,758802,Bytes,,OK
09/08/2026 00:00,MediCore-Web-VM-01,NetworkOut,20972,Bytes,,OK
09/08/2026 00:00,MediCore-Web-VM-01,FailedSSHAttempts,0,Count,,OK
09/08/2026 00:00,medicore-db,CPUUtilization,8.19,Percent,,OK
09/08/2026 01:00,MediCore-Web-VM-01,CPUUtilization,10.65,Percent,,OK
09/08/2026 01:00,MediCore-Web-VM-01,NetworkIn,2459475,Bytes,,OK
09/08/2026 01:00,MediCore-Web-VM-01,NetworkOut,1329447,Bytes,,OK
09/08/2026 01:00,MediCore-Web-VM-01,FailedSSHAttempts,1,Count,,OK
09/08/2026 01:00,medicore-db,CPUUtilization,5.65,Percent,,OK
09/08/2026 02:00,MediCore-Web-VM-01,CPUUtilization,19.52,Percent,,OK
09/08/2026 02:00,MediCore-Web-VM-01,NetworkIn,677840,Bytes,,OK
09/08/2026 02:00,MediCore-Web-VM-01,NetworkOut,569229,Bytes,,OK
09/08/2026 02:00,MediCore-Web-VM-01,FailedSSHAttempts,1,Count,,OK
09/08/2026 02:00,medicore-db,CPUUtilization,9.88,Percent,,OK
09/08/2026 03:00,MediCore-Web-VM-01,CPUUtilization,17.15,Percent,,OK
09/08/2026 03:00,MediCore-Web-VM-01,NetworkIn,1431853,Bytes,,OK
09/08/2026 03:00,MediCore-Web-VM-01,NetworkOut,1709096,Bytes,,OK
09/08/2026 03:00,MediCore-Web-VM-01,FailedSSHAttempts,2,Count,,OK
09/08/2026 03:00,medicore-db,CPUUtilization,9.63,Percent,,OK
09/08/2026 04:00,MediCore-Web-VM-01,CPUUtilization,20.52,Percent,,OK
09/08/2026 04:00,MediCore-Web-VM-01,NetworkIn,1653132,Bytes,,OK
09/08/2026 04:00,MediCore-Web-VM-01,NetworkOut,86057,Bytes,,OK
09/08/2026 04:00,MediCore-Web-VM-01,FailedSSHAttempts,1,Count,,OK
09/08/2026 04:00,medicore-db,CPUUtilization,8.36,Percent,,OK
09/08/2026 05:00,MediCore-Web-VM-01,CPUUtilization,31.84,Percent,,OK
09/08/2026 05:00,MediCore-Web-VM-01,NetworkIn,519064,Bytes,,OK
09/08/2026 05:00,MediCore-Web-VM-01,NetworkOut,1103311,Bytes,,OK
09/08/2026 05:00,MediCore-Web-VM-01,FailedSSHAttempts,1,Count,,OK
09/08/2026 05:00,medicore-db,CPUUtilization,9.41,Percent,,OK
09/08/2026 06:00,MediCore-Web-VM-01,CPUUtilization,27.27,Percent,,OK
09/08/2026 06:00,MediCore-Web-VM-01,NetworkIn,0,Bytes,,OK
09/08/2026 06:00,MediCore-Web-VM-01,NetworkOut,0,Bytes,,OK
09/08/2026 06:00,MediCore-Web-VM-01,FailedSSHAttempts,0,Count,,OK
09/08/2026 06:00,medicore-db,CPUUtilization,7.89,Percent,,OK
09/08/2026 07:00,MediCore-Web-VM-01,CPUUtilization,31.75,Percent,,OK
09/08/2026 07:00,MediCore-Web-VM-01,NetworkIn,899927,Bytes,,OK
09/08/2026 07:00,MediCore-Web-VM-01,NetworkOut,946465,Bytes,,OK
09/08/2026 07:00,MediCore-Web-VM-01,FailedSSHAttempts,0,Count,,OK
09/08/2026 07:00,medicore-db,CPUUtilization,8.69,Percent,,OK
09/08/2026 08:00,MediCore-Web-VM-01,CPUUtilization,30.54,Percent,,OK
09/08/2026 08:00,MediCore-Web-VM-01,NetworkIn,1407927,Bytes,,OK
09/08/2026 08:00,MediCore-Web-VM-01,NetworkOut,262807,Bytes,,OK
09/08/2026 08:00,MediCore-Web-VM-01,FailedSSHAttempts,1,Count,,OK
09/08/2026 08:00,medicore-db,CPUUtilization,4.75,Percent,,OK
09/08/2026 09:00,MediCore-Web-VM-01,CPUUtilization,15.85,Percent,,OK
09/08/2026 09:00,MediCore-Web-VM-01,NetworkIn,135813,Bytes,,OK
09/08/2026 09:00,MediCore-Web-VM-01,NetworkOut,1374042,Bytes,,OK
09/08/2026 09:00,MediCore-Web-VM-01,FailedSSHAttempts,2,Count,,OK
09/08/2026 09:00,medicore-db,CPUUtilization,29.59,Percent,,OK
09/08/2026 10:00,MediCore-Web-VM-01,CPUUtilization,22.8,Percent,,OK
09/08/2026 10:00,MediCore-Web-VM-01,NetworkIn,189510,Bytes,,OK
09/08/2026 10:00,MediCore-Web-VM-01,NetworkOut,8690888,Bytes,,OK
09/08/2026 10:00,MediCore-Web-VM-01,FailedSSHAttempts,1,Count,,OK
09/08/2026 10:00,medicore-db,CPUUtilization,8.96,Percent,,OK
09/08/2026 11:00,MediCore-Web-VM-01,CPUUtilization,13.74,Percent,,OK
09/08/2026 11:00,MediCore-Web-VM-01,NetworkIn,1328659,Bytes,,OK
09/08/2026 11:00,MediCore-Web-VM-01,NetworkOut,692805,Bytes,,OK
09/08/2026 11:00,MediCore-Web-VM-01,FailedSSHAttempts,0,Count,,OK
09/08/2026 11:00,medicore-db,CPUUtilization,10.31,Percent,,OK
09/08/2026 12:00,MediCore-Web-VM-01,CPUUtilization,10.85,Percent,,OK
09/08/2026 12:00,MediCore-Web-VM-01,NetworkIn,544487,Bytes,,OK
09/08/2026 12:00,MediCore-Web-VM-01,NetworkOut,308078,Bytes,,OK
09/08/2026 12:00,MediCore-Web-VM-01,FailedSSHAttempts,0,Count,,OK
09/08/2026 12:00,medicore-db,CPUUtilization,10.91,Percent,,OK
09/08/2026 13:00,MediCore-Web-VM-01,CPUUtilization,9.16,Percent,,OK
09/08/2026 13:00,MediCore-Web-VM-01,NetworkIn,2241876,Bytes,,OK
09/08/2026 13:00,MediCore-Web-VM-01,NetworkOut,1455811,Bytes,,OK
09/08/2026 13:00,MediCore-Web-VM-01,FailedSSHAttempts,0,Count,,OK
09/08/2026 13:00,medicore-db,CPUUtilization,4.25,Percent,,OK
09/08/2026 14:00,MediCore-Web-VM-01,CPUUtilization,8.02,Percent,,OK
09/08/2026 14:00,MediCore-Web-VM-01,NetworkIn,992509,Bytes,,OK
09/08/2026 14:00,MediCore-Web-VM-01,NetworkOut,169003,Bytes,,OK
09/08/2026 14:00,MediCore-Web-VM-01,FailedSSHAttempts,0,Count,,OK
09/08/2026 14:00,medicore-db,CPUUtilization,7.67,Percent,,OK
09/08/2026 15:00,MediCore-Web-VM-01,CPUUtilization,3.33,Percent,,OK
09/08/2026 15:00,MediCore-Web-VM-01,NetworkIn,0,Bytes,,OK
09/08/2026 15:00,MediCore-Web-VM-01,NetworkOut,701404,Bytes,,OK
09/08/2026 15:00,MediCore-Web-VM-01,FailedSSHAttempts,0,Count,,OK
09/08/2026 15:00,medicore-db,CPUUtilization,9.63,Percent,,OK
09/08/2026 16:00,MediCore-Web-VM-01,CPUUtilization,8.7,Percent,,OK
09/08/2026 16:00,MediCore-Web-VM-01,NetworkIn,22790,Bytes,,OK
09/08/2026 16:00,MediCore-Web-VM-01,NetworkOut,752248,Bytes,,OK
09/08/2026 16:00,MediCore-Web-VM-01,FailedSSHAttempts,1,Count,,OK
09/08/2026 16:00,medicore-db,CPUUtilization,11.04,Percent,,OK
09/08/2026 17:00,MediCore-Web-VM-01,CPUUtilization,2.07,Percent,,OK
09/08/2026 17:00,MediCore-Web-VM-01,NetworkIn,1205153,Bytes,,OK
09/08/2026 17:00,MediCore-Web-VM-01,NetworkOut,160726,Bytes,,OK
09/08/2026 17:00,MediCore-Web-VM-01,FailedSSHAttempts,2,Count,,OK
09/08/2026 17:00,medicore-db,CPUUtilization,5.23,Percent,,OK
09/08/2026 18:00,MediCore-Web-VM-01,CPUUtilization,1,Percent,,OK
09/08/2026 18:00,MediCore-Web-VM-01,NetworkIn,751220,Bytes,,OK
09/08/2026 18:00,MediCore-Web-VM-01,NetworkOut,2312165,Bytes,,OK
09/08/2026 18:00,MediCore-Web-VM-01,FailedSSHAttempts,1,Count,,OK
09/08/2026 18:00,medicore-db,CPUUtilization,12,Percent,,OK
09/08/2026 19:00,MediCore-Web-VM-01,CPUUtilization,1.6,Percent,,OK
09/08/2026 19:00,MediCore-Web-VM-01,NetworkIn,796378,Bytes,,OK
09/08/2026 19:00,MediCore-Web-VM-01,NetworkOut,531020,Bytes,,OK
09/08/2026 19:00,MediCore-Web-VM-01,FailedSSHAttempts,1,Count,,OK
09/08/2026 19:00,medicore-db,CPUUtilization,9.53,Percent,,OK
09/08/2026 20:00,MediCore-Web-VM-01,CPUUtilization,3.68,Percent,,OK
09/08/2026 20:00,MediCore-Web-VM-01,NetworkIn,2397720,Bytes,,OK
09/08/2026 20:00,MediCore-Web-VM-01,NetworkOut,1161980,Bytes,,OK
09/08/2026 20:00,MediCore-Web-VM-01,FailedSSHAttempts,1,Count,,OK
09/08/2026 20:00,medicore-db,CPUUtilization,2.76,Percent,,OK
09/08/2026 21:00,MediCore-Web-VM-01,CPUUtilization,8.07,Percent,,OK
09/08/2026 21:00,MediCore-Web-VM-01,NetworkIn,1086402,Bytes,,OK
09/08/2026 21:00,MediCore-Web-VM-01,NetworkOut,887326,Bytes,,OK
09/08/2026 21:00,MediCore-Web-VM-01,FailedSSHAttempts,0,Count,,OK
09/08/2026 21:00,medicore-db,CPUUtilization,7.06,Percent,,OK
09/08/2026 22:00,MediCore-Web-VM-01,CPUUtilization,18.76,Percent,,OK
09/08/2026 22:00,MediCore-Web-VM-01,NetworkIn,2096150,Bytes,,OK
09/08/2026 22:00,MediCore-Web-VM-01,NetworkOut,767839,Bytes,,OK
09/08/2026 22:00,MediCore-Web-VM-01,FailedSSHAttempts,1,Count,,OK
09/08/2026 22:00,medicore-db,CPUUtilization,6.34,Percent,,OK
09/08/2026 23:00,MediCore-Web-VM-01,CPUUtilization,13.7,Percent,,OK
09/08/2026 23:00,MediCore-Web-VM-01,NetworkIn,1515347,Bytes,,OK
09/08/2026 23:00,MediCore-Web-VM-01,NetworkOut,769120,Bytes,,OK
09/08/2026 23:00,MediCore-Web-VM-01,FailedSSHAttempts,0,Count,,OK
09/08/2026 23:00,medicore-db,CPUUtilization,9.19,Percent,,OK
10/08/2026 00:00,MediCore-Web-VM-01,CPUUtilization,9.83,Percent,,OK
10/08/2026 00:00,MediCore-Web-VM-01,NetworkIn,886427,Bytes,,OK
10/08/2026 00:00,MediCore-Web-VM-01,NetworkOut,292596,Bytes,,OK
10/08/2026 00:00,MediCore-Web-VM-01,FailedSSHAttempts,16,Count,Failed-SSH-Attempts,ALARM
10/08/2026 00:00,medicore-db,CPUUtilization,13.17,Percent,,OK
10/08/2026 01:00,MediCore-Web-VM-01,CPUUtilization,12.69,Percent,,OK
10/08/2026 01:00,MediCore-Web-VM-01,NetworkIn,2105309,Bytes,,OK
10/08/2026 01:00,MediCore-Web-VM-01,NetworkOut,1874987,Bytes,,OK
10/08/2026 01:00,MediCore-Web-VM-01,FailedSSHAttempts,1,Count,,OK
10/08/2026 01:00,medicore-db,CPUUtilization,10.15,Percent,,OK
10/08/2026 02:00,MediCore-Web-VM-01,CPUUtilization,8.15,Percent,,OK
10/08/2026 02:00,MediCore-Web-VM-01,NetworkIn,931287,Bytes,,OK
10/08/2026 02:00,MediCore-Web-VM-01,NetworkOut,1001140,Bytes,,OK
10/08/2026 02:00,MediCore-Web-VM-01,FailedSSHAttempts,0,Count,,OK
10/08/2026 02:00,medicore-db,CPUUtilization,9.1,Percent,,OK
10/08/2026 03:00,MediCore-Web-VM-01,CPUUtilization,18.84,Percent,,OK
10/08/2026 03:00,MediCore-Web-VM-01,NetworkIn,1062950,Bytes,,OK
10/08/2026 03:00,MediCore-Web-VM-01,NetworkOut,378864,Bytes,,OK
10/08/2026 03:00,MediCore-Web-VM-01,FailedSSHAttempts,0,Count,,OK
10/08/2026 03:00,medicore-db,CPUUtilization,4.3,Percent,,OK
10/08/2026 04:00,MediCore-Web-VM-01,CPUUtilization,18.07,Percent,,OK
10/08/2026 04:00,MediCore-Web-VM-01,NetworkIn,1220601,Bytes,,OK
10/08/2026 04:00,MediCore-Web-VM-01,NetworkOut,1158322,Bytes,,OK
10/08/2026 04:00,MediCore-Web-VM-01,FailedSSHAttempts,0,Count,,OK
10/08/2026 04:00,medicore-db,CPUUtilization,10.56,Percent,,OK
10/08/2026 05:00,MediCore-Web-VM-01,CPUUtilization,22.2,Percent,,OK
10/08/2026 05:00,MediCore-Web-VM-01,NetworkIn,1343552,Bytes,,OK
10/08/2026 05:00,MediCore-Web-VM-01,NetworkOut,88308,Bytes,,OK
10/08/2026 05:00,MediCore-Web-VM-01,FailedSSHAttempts,0,Count,,OK
10/08/2026 05:00,medicore-db,CPUUtilization,7.04,Percent,,OK
10/08/2026 06:00,MediCore-Web-VM-01,CPUUtilization,25.49,Percent,,OK
10/08/2026 06:00,MediCore-Web-VM-01,NetworkIn,1516447,Bytes,,OK
10/08/2026 06:00,MediCore-Web-VM-01,NetworkOut,722012,Bytes,,OK
10/08/2026 06:00,MediCore-Web-VM-01,FailedSSHAttempts,1,Count,,OK
10/08/2026 06:00,medicore-db,CPUUtilization,5.49,Percent,,OK
10/08/2026 07:00,MediCore-Web-VM-01,CPUUtilization,25.9,Percent,,OK
10/08/2026 07:00,MediCore-Web-VM-01,NetworkIn,2318898,Bytes,,OK
10/08/2026 07:00,MediCore-Web-VM-01,NetworkOut,472396,Bytes,,OK
10/08/2026 07:00,MediCore-Web-VM-01,FailedSSHAttempts,0,Count,,OK
10/08/2026 07:00,medicore-db,CPUUtilization,4.18,Percent,,OK
10/08/2026 08:00,MediCore-Web-VM-01,CPUUtilization,43.92,Percent,,OK
10/08/2026 08:00,MediCore-Web-VM-01,NetworkIn,3996636,Bytes,,OK
10/08/2026 08:00,MediCore-Web-VM-01,NetworkOut,2703119,Bytes,,OK
10/08/2026 08:00,MediCore-Web-VM-01,FailedSSHAttempts,0,Count,,OK
10/08/2026 08:00,medicore-db,CPUUtilization,17.21,Percent,,OK
10/08/2026 09:00,MediCore-Web-VM-01,CPUUtilization,34.97,Percent,,OK
10/08/2026 09:00,MediCore-Web-VM-01,NetworkIn,3952597,Bytes,,OK
10/08/2026 09:00,MediCore-Web-VM-01,NetworkOut,3595868,Bytes,,OK
10/08/2026 09:00,MediCore-Web-VM-01,FailedSSHAttempts,0,Count,,OK
10/08/2026 09:00,medicore-db,CPUUtilization,20.09,Percent,,OK
10/08/2026 10:00,MediCore-Web-VM-01,CPUUtilization,32.46,Percent,,OK
10/08/2026 10:00,MediCore-Web-VM-01,NetworkIn,3337895,Bytes,,OK
10/08/2026 10:00,MediCore-Web-VM-01,NetworkOut,3129978,Bytes,,OK
10/08/2026 10:00,MediCore-Web-VM-01,FailedSSHAttempts,0,Count,,OK
10/08/2026 10:00,medicore-db,CPUUtilization,20.02,Percent,,OK
10/08/2026 11:00,MediCore-Web-VM-01,CPUUtilization,27.88,Percent,,OK
10/08/2026 11:00,MediCore-Web-VM-01,NetworkIn,5283941,Bytes,,OK
10/08/2026 11:00,MediCore-Web-VM-01,NetworkOut,3299199,Bytes,,OK
10/08/2026 11:00,MediCore-Web-VM-01,FailedSSHAttempts,1,Count,,OK
10/08/2026 11:00,medicore-db,CPUUtilization,15.47,Percent,,OK
10/08/2026 12:00,MediCore-Web-VM-01,CPUUtilization,25.45,Percent,,OK
10/08/2026 12:00,MediCore-Web-VM-01,NetworkIn,3834485,Bytes,,OK
10/08/2026 12:00,MediCore-Web-VM-01,NetworkOut,2940190,Bytes,,OK
10/08/2026 12:00,MediCore-Web-VM-01,FailedSSHAttempts,0,Count,,OK
10/08/2026 12:00,medicore-db,CPUUtilization,18.1,Percent,,OK
10/08/2026 13:00,MediCore-Web-VM-01,CPUUtilization,24.33,Percent,,OK
10/08/2026 13:00,MediCore-Web-VM-01,NetworkIn,3140624,Bytes,,OK
10/08/2026 13:00,MediCore-Web-VM-01,NetworkOut,2704360,Bytes,,OK
10/08/2026 13:00,MediCore-Web-VM-01,FailedSSHAttempts,0,Count,,OK
10/08/2026 13:00,medicore-db,CPUUtilization,16.74,Percent,,OK
10/08/2026 14:00,MediCore-Web-VM-01,CPUUtilization,13.53,Percent,,OK
10/08/2026 14:00,MediCore-Web-VM-01,NetworkIn,6049089,Bytes,,OK
10/08/2026 14:00,MediCore-Web-VM-01,NetworkOut,2502822,Bytes,,OK
10/08/2026 14:00,MediCore-Web-VM-01,FailedSSHAttempts,0,Count,,OK
10/08/2026 14:00,medicore-db,CPUUtilization,11.63,Percent,,OK
10/08/2026 15:00,MediCore-Web-VM-01,CPUUtilization,21.99,Percent,,OK
10/08/2026 15:00,MediCore-Web-VM-01,NetworkIn,2443498,Bytes,,OK
10/08/2026 15:00,MediCore-Web-VM-01,NetworkOut,2740965,Bytes,,OK
10/08/2026 15:00,MediCore-Web-VM-01,FailedSSHAttempts,0,Count,,OK
10/08/2026 15:00,medicore-db,CPUUtilization,15.06,Percent,,OK
10/08/2026 16:00,MediCore-Web-VM-01,CPUUtilization,15.67,Percent,,OK
10/08/2026 16:00,MediCore-Web-VM-01,NetworkIn,3540005,Bytes,,OK
10/08/2026 16:00,MediCore-Web-VM-01,NetworkOut,2651140,Bytes,,OK
10/08/2026 16:00,MediCore-Web-VM-01,FailedSSHAttempts,0,Count,,OK
10/08/2026 16:00,medicore-db,CPUUtilization,12.62,Percent,,OK
10/08/2026 17:00,MediCore-Web-VM-01,CPUUtilization,18.14,Percent,,OK
10/08/2026 17:00,MediCore-Web-VM-01,NetworkIn,2867539,Bytes,,OK
10/08/2026 17:00,MediCore-Web-VM-01,NetworkOut,3190389,Bytes,,OK
10/08/2026 17:00,MediCore-Web-VM-01,FailedSSHAttempts,0,Count,,OK
10/08/2026 17:00,medicore-db,CPUUtilization,15.27,Percent,,OK
10/08/2026 18:00,MediCore-Web-VM-01,CPUUtilization,19.36,Percent,,OK
10/08/2026 18:00,MediCore-Web-VM-01,NetworkIn,2964856,Bytes,,OK
10/08/2026 18:00,MediCore-Web-VM-01,NetworkOut,3836132,Bytes,,OK
10/08/2026 18:00,MediCore-Web-VM-01,FailedSSHAttempts,0,Count,,OK
10/08/2026 18:00,medicore-db,CPUUtilization,13.5,Percent,,OK
10/08/2026 19:00,MediCore-Web-VM-01,CPUUtilization,1.2,Percent,,OK
10/08/2026 19:00,MediCore-Web-VM-01,NetworkIn,1515673,Bytes,,OK
10/08/2026 19:00,MediCore-Web-VM-01,NetworkOut,1403365,Bytes,,OK
10/08/2026 19:00,MediCore-Web-VM-01,FailedSSHAttempts,1,Count,,OK
10/08/2026 19:00,medicore-db,CPUUtilization,10.15,Percent,,OK
10/08/2026 20:00,MediCore-Web-VM-01,CPUUtilization,1,Percent,,OK
10/08/2026 20:00,MediCore-Web-VM-01,NetworkIn,0,Bytes,,OK
10/08/2026 20:00,MediCore-Web-VM-01,NetworkOut,562560,Bytes,,OK
10/08/2026 20:00,MediCore-Web-VM-01,FailedSSHAttempts,0,Count,,OK
10/08/2026 20:00,medicore-db,CPUUtilization,8.94,Percent,,OK
10/08/2026 21:00,MediCore-Web-VM-01,CPUUtilization,1,Percent,,OK
10/08/2026 21:00,MediCore-Web-VM-01,NetworkIn,1116639,Bytes,,OK
10/08/2026 21:00,MediCore-Web-VM-01,NetworkOut,946866,Bytes,,OK
10/08/2026 21:00,MediCore-Web-VM-01,FailedSSHAttempts,1,Count,,OK
10/08/2026 21:00,medicore-db,CPUUtilization,13.32,Percent,,OK
10/08/2026 22:00,MediCore-Web-VM-01,CPUUtilization,10.23,Percent,,OK
10/08/2026 22:00,MediCore-Web-VM-01,NetworkIn,1650886,Bytes,,OK
10/08/2026 22:00,MediCore-Web-VM-01,NetworkOut,940994,Bytes,,OK
10/08/2026 22:00,MediCore-Web-VM-01,FailedSSHAttempts,4,Count,Failed-SSH-Attempts,ALARM
10/08/2026 22:00,medicore-db,CPUUtilization,4.7,Percent,,OK
10/08/2026 23:00,MediCore-Web-VM-01,CPUUtilization,15.32,Percent,,OK
10/08/2026 23:00,MediCore-Web-VM-01,NetworkIn,1272042,Bytes,,OK
10/08/2026 23:00,MediCore-Web-VM-01,NetworkOut,0,Bytes,,OK
10/08/2026 23:00,MediCore-Web-VM-01,FailedSSHAttempts,1,Count,,OK
10/08/2026 23:00,medicore-db,CPUUtilization,9.21,Percent,,OK
11/08/2026 00:00,MediCore-Web-VM-01,CPUUtilization,22.44,Percent,,OK
11/08/2026 00:00,MediCore-Web-VM-01,NetworkIn,995547,Bytes,,OK
11/08/2026 00:00,MediCore-Web-VM-01,NetworkOut,698122,Bytes,,OK
11/08/2026 00:00,MediCore-Web-VM-01,FailedSSHAttempts,2,Count,,OK
11/08/2026 00:00,medicore-db,CPUUtilization,10.12,Percent,,OK
11/08/2026 01:00,MediCore-Web-VM-01,CPUUtilization,8.4,Percent,,OK
11/08/2026 01:00,MediCore-Web-VM-01,NetworkIn,1692145,Bytes,,OK
11/08/2026 01:00,MediCore-Web-VM-01,NetworkOut,636157,Bytes,,OK
11/08/2026 01:00,MediCore-Web-VM-01,FailedSSHAttempts,1,Count,,OK
11/08/2026 01:00,medicore-db,CPUUtilization,6.72,Percent,,OK
11/08/2026 02:00,MediCore-Web-VM-01,CPUUtilization,12.94,Percent,,OK
11/08/2026 02:00,MediCore-Web-VM-01,NetworkIn,2157655,Bytes,,OK
11/08/2026 02:00,MediCore-Web-VM-01,NetworkOut,962950,Bytes,,OK
11/08/2026 02:00,MediCore-Web-VM-01,FailedSSHAttempts,0,Count,,OK
11/08/2026 02:00,medicore-db,CPUUtilization,14.32,Percent,,OK
11/08/2026 03:00,MediCore-Web-VM-01,CPUUtilization,23.95,Percent,,OK
11/08/2026 03:00,MediCore-Web-VM-01,NetworkIn,1680100,Bytes,,OK
11/08/2026 03:00,MediCore-Web-VM-01,NetworkOut,0,Bytes,,OK
11/08/2026 03:00,MediCore-Web-VM-01,FailedSSHAttempts,0,Count,,OK
11/08/2026 03:00,medicore-db,CPUUtilization,8,Percent,,OK
11/08/2026 04:00,MediCore-Web-VM-01,CPUUtilization,28.93,Percent,,OK
11/08/2026 04:00,MediCore-Web-VM-01,NetworkIn,10543798,Bytes,High-NetworkIn-WebVM,ALARM
11/08/2026 04:00,MediCore-Web-VM-01,NetworkOut,1711628,Bytes,,OK
11/08/2026 04:00,MediCore-Web-VM-01,FailedSSHAttempts,2,Count,,OK
11/08/2026 04:00,medicore-db,CPUUtilization,9.87,Percent,,OK
11/08/2026 05:00,MediCore-Web-VM-01,CPUUtilization,24.15,Percent,,OK
11/08/2026 05:00,MediCore-Web-VM-01,NetworkIn,1857106,Bytes,,OK
11/08/2026 05:00,MediCore-Web-VM-01,NetworkOut,288430,Bytes,,OK
11/08/2026 05:00,MediCore-Web-VM-01,FailedSSHAttempts,2,Count,,OK
11/08/2026 05:00,medicore-db,CPUUtilization,10.26,Percent,,OK
11/08/2026 06:00,MediCore-Web-VM-01,CPUUtilization,14.51,Percent,,OK
11/08/2026 06:00,MediCore-Web-VM-01,NetworkIn,195250,Bytes,,OK
11/08/2026 06:00,MediCore-Web-VM-01,NetworkOut,610323,Bytes,,OK
11/08/2026 06:00,MediCore-Web-VM-01,FailedSSHAttempts,4,Count,Failed-SSH-Attempts,ALARM
11/08/2026 06:00,medicore-db,CPUUtilization,11.43,Percent,,OK
11/08/2026 07:00,MediCore-Web-VM-01,CPUUtilization,22.35,Percent,,OK
11/08/2026 07:00,MediCore-Web-VM-01,NetworkIn,1833546,Bytes,,OK
11/08/2026 07:00,MediCore-Web-VM-01,NetworkOut,832809,Bytes,,OK
11/08/2026 07:00,MediCore-Web-VM-01,FailedSSHAttempts,1,Count,,OK
11/08/2026 07:00,medicore-db,CPUUtilization,13.87,Percent,,OK
11/08/2026 08:00,MediCore-Web-VM-01,CPUUtilization,33.07,Percent,,OK
11/08/2026 08:00,MediCore-Web-VM-01,NetworkIn,2624110,Bytes,,OK
11/08/2026 08:00,MediCore-Web-VM-01,NetworkOut,2706442,Bytes,,OK
11/08/2026 08:00,MediCore-Web-VM-01,FailedSSHAttempts,0,Count,,OK
11/08/2026 08:00,medicore-db,CPUUtilization,18.35,Percent,,OK
11/08/2026 09:00,MediCore-Web-VM-01,CPUUtilization,25.94,Percent,,OK
11/08/2026 09:00,MediCore-Web-VM-01,NetworkIn,4574162,Bytes,,OK
11/08/2026 09:00,MediCore-Web-VM-01,NetworkOut,3408653,Bytes,,OK
11/08/2026 09:00,MediCore-Web-VM-01,FailedSSHAttempts,0,Count,,OK
11/08/2026 09:00,medicore-db,CPUUtilization,18.21,Percent,,OK
11/08/2026 10:00,MediCore-Web-VM-01,CPUUtilization,31.55,Percent,,OK
11/08/2026 10:00,MediCore-Web-VM-01,NetworkIn,3058489,Bytes,,OK
11/08/2026 10:00,MediCore-Web-VM-01,NetworkOut,2569475,Bytes,,OK
11/08/2026 10:00,MediCore-Web-VM-01,FailedSSHAttempts,1,Count,,OK
11/08/2026 10:00,medicore-db,CPUUtilization,16.75,Percent,,OK
11/08/2026 11:00,MediCore-Web-VM-01,CPUUtilization,33.57,Percent,,OK
11/08/2026 11:00,MediCore-Web-VM-01,NetworkIn,5076831,Bytes,,OK
11/08/2026 11:00,MediCore-Web-VM-01,NetworkOut,3240259,Bytes,,OK
11/08/2026 11:00,MediCore-Web-VM-01,FailedSSHAttempts,0,Count,,OK
11/08/2026 11:00,medicore-db,CPUUtilization,18.48,Percent,,OK
11/08/2026 12:00,MediCore-Web-VM-01,CPUUtilization,37.61,Percent,,OK
11/08/2026 12:00,MediCore-Web-VM-01,NetworkIn,4533170,Bytes,,OK
11/08/2026 12:00,MediCore-Web-VM-01,NetworkOut,3412977,Bytes,,OK
11/08/2026 12:00,MediCore-Web-VM-01,FailedSSHAttempts,1,Count,,OK
11/08/2026 12:00,medicore-db,CPUUtilization,19.81,Percent,,OK
11/08/2026 13:00,MediCore-Web-VM-01,CPUUtilization,26.29,Percent,,OK
11/08/2026 13:00,MediCore-Web-VM-01,NetworkIn,5195130,Bytes,,OK
11/08/2026 13:00,MediCore-Web-VM-01,NetworkOut,2614590,Bytes,,OK
11/08/2026 13:00,MediCore-Web-VM-01,FailedSSHAttempts,1,Count,,OK
11/08/2026 13:00,medicore-db,CPUUtilization,13.47,Percent,,OK
11/08/2026 14:00,MediCore-Web-VM-01,CPUUtilization,18.78,Percent,,OK
11/08/2026 14:00,MediCore-Web-VM-01,NetworkIn,4157680,Bytes,,OK
11/08/2026 14:00,MediCore-Web-VM-01,NetworkOut,3789544,Bytes,,OK
11/08/2026 14:00,MediCore-Web-VM-01,FailedSSHAttempts,0,Count,,OK
11/08/2026 14:00,medicore-db,CPUUtilization,17.57,Percent,,OK
11/08/2026 15:00,MediCore-Web-VM-01,CPUUtilization,15.1,Percent,,OK
11/08/2026 15:00,MediCore-Web-VM-01,NetworkIn,3905131,Bytes,,OK
11/08/2026 15:00,MediCore-Web-VM-01,NetworkOut,3386157,Bytes,,OK
11/08/2026 15:00,MediCore-Web-VM-01,FailedSSHAttempts,1,Count,,OK
11/08/2026 15:00,medicore-db,CPUUtilization,17.72,Percent,,OK
11/08/2026 16:00,MediCore-Web-VM-01,CPUUtilization,16.53,Percent,,OK
11/08/2026 16:00,MediCore-Web-VM-01,NetworkIn,24972044,Bytes,High-NetworkIn-WebVM,ALARM
11/08/2026 16:00,MediCore-Web-VM-01,NetworkOut,3043736,Bytes,,OK
11/08/2026 16:00,MediCore-Web-VM-01,FailedSSHAttempts,0,Count,,OK
11/08/2026 16:00,medicore-db,CPUUtilization,15.39,Percent,,OK
11/08/2026 17:00,MediCore-Web-VM-01,CPUUtilization,19.46,Percent,,OK
11/08/2026 17:00,MediCore-Web-VM-01,NetworkIn,4356983,Bytes,,OK
11/08/2026 17:00,MediCore-Web-VM-01,NetworkOut,2636820,Bytes,,OK
11/08/2026 17:00,MediCore-Web-VM-01,FailedSSHAttempts,0,Count,,OK
11/08/2026 17:00,medicore-db,CPUUtilization,14.7,Percent,,OK
11/08/2026 18:00,MediCore-Web-VM-01,CPUUtilization,11.66,Percent,,OK
11/08/2026 18:00,MediCore-Web-VM-01,NetworkIn,3466687,Bytes,,OK
11/08/2026 18:00,MediCore-Web-VM-01,NetworkOut,3192734,Bytes,,OK
11/08/2026 18:00,MediCore-Web-VM-01,FailedSSHAttempts,0,Count,,OK
11/08/2026 18:00,medicore-db,CPUUtilization,21.19,Percent,,OK
11/08/2026 19:00,MediCore-Web-VM-01,CPUUtilization,4.65,Percent,,OK
11/08/2026 19:00,MediCore-Web-VM-01,NetworkIn,1865180,Bytes,,OK
11/08/2026 19:00,MediCore-Web-VM-01,NetworkOut,1535762,Bytes,,OK
11/08/2026 19:00,MediCore-Web-VM-01,FailedSSHAttempts,0,Count,,OK
11/08/2026 19:00,medicore-db,CPUUtilization,4.3,Percent,,OK
11/08/2026 20:00,MediCore-Web-VM-01,CPUUtilization,3.5,Percent,,OK
11/08/2026 20:00,MediCore-Web-VM-01,NetworkIn,14177760,Bytes,High-NetworkIn-WebVM,ALARM
11/08/2026 20:00,MediCore-Web-VM-01,NetworkOut,279703,Bytes,,OK
11/08/2026 20:00,MediCore-Web-VM-01,FailedSSHAttempts,1,Count,,OK
11/08/2026 20:00,medicore-db,CPUUtilization,13.45,Percent,,OK
11/08/2026 21:00,MediCore-Web-VM-01,CPUUtilization,1,Percent,,OK
11/08/2026 21:00,MediCore-Web-VM-01,NetworkIn,2129330,Bytes,,OK
11/08/2026 21:00,MediCore-Web-VM-01,NetworkOut,2004591,Bytes,,OK
11/08/2026 21:00,MediCore-Web-VM-01,FailedSSHAttempts,11,Count,Failed-SSH-Attempts,ALARM
11/08/2026 21:00,medicore-db,CPUUtilization,7.56,Percent,,OK
11/08/2026 22:00,MediCore-Web-VM-01,CPUUtilization,9.15,Percent,,OK
11/08/2026 22:00,MediCore-Web-VM-01,NetworkIn,1050321,Bytes,,OK
11/08/2026 22:00,MediCore-Web-VM-01,NetworkOut,1596814,Bytes,,OK
11/08/2026 22:00,MediCore-Web-VM-01,FailedSSHAttempts,2,Count,,OK
11/08/2026 22:00,medicore-db,CPUUtilization,10.54,Percent,,OK
11/08/2026 23:00,MediCore-Web-VM-01,CPUUtilization,7.1,Percent,,OK
11/08/2026 23:00,MediCore-Web-VM-01,NetworkIn,0,Bytes,,OK
11/08/2026 23:00,MediCore-Web-VM-01,NetworkOut,245223,Bytes,,OK
11/08/2026 23:00,MediCore-Web-VM-01,FailedSSHAttempts,2,Count,,OK
11/08/2026 23:00,medicore-db,CPUUtilization,9.83,Percent,,OK
12/08/2026 00:00,MediCore-Web-VM-01,CPUUtilization,12.28,Percent,,OK
12/08/2026 00:00,MediCore-Web-VM-01,NetworkIn,1017928,Bytes,,OK
12/08/2026 00:00,MediCore-Web-VM-01,NetworkOut,249578,Bytes,,OK
12/08/2026 00:00,MediCore-Web-VM-01,FailedSSHAttempts,0,Count,,OK
12/08/2026 00:00,medicore-db,CPUUtilization,9.83,Percent,,OK
12/08/2026 01:00,MediCore-Web-VM-01,CPUUtilization,14.75,Percent,,OK
12/08/2026 01:00,MediCore-Web-VM-01,NetworkIn,0,Bytes,,OK
12/08/2026 01:00,MediCore-Web-VM-01,NetworkOut,499202,Bytes,,OK
12/08/2026 01:00,MediCore-Web-VM-01,FailedSSHAttempts,0,Count,,OK
12/08/2026 01:00,medicore-db,CPUUtilization,6.39,Percent,,OK
12/08/2026 02:00,MediCore-Web-VM-01,CPUUtilization,14.72,Percent,,OK
12/08/2026 02:00,MediCore-Web-VM-01,NetworkIn,305506,Bytes,,OK
12/08/2026 02:00,MediCore-Web-VM-01,NetworkOut,1272639,Bytes,,OK
12/08/2026 02:00,MediCore-Web-VM-01,FailedSSHAttempts,0,Count,,OK
12/08/2026 02:00,medicore-db,CPUUtilization,9.72,Percent,,OK
12/08/2026 03:00,MediCore-Web-VM-01,CPUUtilization,27.71,Percent,,OK
12/08/2026 03:00,MediCore-Web-VM-01,NetworkIn,0,Bytes,,OK
12/08/2026 03:00,MediCore-Web-VM-01,NetworkOut,1619834,Bytes,,OK
12/08/2026 03:00,MediCore-Web-VM-01,FailedSSHAttempts,2,Count,,OK
12/08/2026 03:00,medicore-db,CPUUtilization,5.04,Percent,,OK
12/08/2026 04:00,MediCore-Web-VM-01,CPUUtilization,24.3,Percent,,OK
12/08/2026 04:00,MediCore-Web-VM-01,NetworkIn,171745,Bytes,,OK
12/08/2026 04:00,MediCore-Web-VM-01,NetworkOut,728812,Bytes,,OK
12/08/2026 04:00,MediCore-Web-VM-01,FailedSSHAttempts,1,Count,,OK
12/08/2026 04:00,medicore-db,CPUUtilization,10.42,Percent,,OK
12/08/2026 05:00,MediCore-Web-VM-01,CPUUtilization,20.36,Percent,,OK
12/08/2026 05:00,MediCore-Web-VM-01,NetworkIn,1180536,Bytes,,OK
12/08/2026 05:00,MediCore-Web-VM-01,NetworkOut,1239969,Bytes,,OK
12/08/2026 05:00,MediCore-Web-VM-01,FailedSSHAttempts,1,Count,,OK
12/08/2026 05:00,medicore-db,CPUUtilization,16.55,Percent,,OK
12/08/2026 06:00,MediCore-Web-VM-01,CPUUtilization,26.8,Percent,,OK
12/08/2026 06:00,MediCore-Web-VM-01,NetworkIn,0,Bytes,,OK
12/08/2026 06:00,MediCore-Web-VM-01,NetworkOut,103373,Bytes,,OK
12/08/2026 06:00,MediCore-Web-VM-01,FailedSSHAttempts,2,Count,,OK
12/08/2026 06:00,medicore-db,CPUUtilization,7.88,Percent,,OK
12/08/2026 07:00,MediCore-Web-VM-01,CPUUtilization,26.14,Percent,,OK
12/08/2026 07:00,MediCore-Web-VM-01,NetworkIn,2042050,Bytes,,OK
12/08/2026 07:00,MediCore-Web-VM-01,NetworkOut,1337778,Bytes,,OK
12/08/2026 07:00,MediCore-Web-VM-01,FailedSSHAttempts,1,Count,,OK
12/08/2026 07:00,medicore-db,CPUUtilization,6.21,Percent,,OK
12/08/2026 08:00,MediCore-Web-VM-01,CPUUtilization,45.56,Percent,,OK
12/08/2026 08:00,MediCore-Web-VM-01,NetworkIn,3199049,Bytes,,OK
12/08/2026 08:00,MediCore-Web-VM-01,NetworkOut,2433724,Bytes,,OK
12/08/2026 08:00,MediCore-Web-VM-01,FailedSSHAttempts,0,Count,,OK
12/08/2026 08:00,medicore-db,CPUUtilization,16.76,Percent,,OK
12/08/2026 09:00,MediCore-Web-VM-01,CPUUtilization,34.4,Percent,,OK
12/08/2026 09:00,MediCore-Web-VM-01,NetworkIn,3956154,Bytes,,OK
12/08/2026 09:00,MediCore-Web-VM-01,NetworkOut,2736043,Bytes,,OK
12/08/2026 09:00,MediCore-Web-VM-01,FailedSSHAttempts,2,Count,,OK
12/08/2026 09:00,medicore-db,CPUUtilization,16.59,Percent,,OK
12/08/2026 10:00,MediCore-Web-VM-01,CPUUtilization,25.17,Percent,,OK
12/08/2026 10:00,MediCore-Web-VM-01,NetworkIn,4439103,Bytes,,OK
12/08/2026 10:00,MediCore-Web-VM-01,NetworkOut,3555849,Bytes,,OK
12/08/2026 10:00,MediCore-Web-VM-01,FailedSSHAttempts,0,Count,,OK
12/08/2026 10:00,medicore-db,CPUUtilization,19.78,Percent,,OK
12/08/2026 11:00,MediCore-Web-VM-01,CPUUtilization,31.44,Percent,,OK
12/08/2026 11:00,MediCore-Web-VM-01,NetworkIn,4335506,Bytes,,OK
12/08/2026 11:00,MediCore-Web-VM-01,NetworkOut,3729833,Bytes,,OK
12/08/2026 11:00,MediCore-Web-VM-01,FailedSSHAttempts,1,Count,,OK
12/08/2026 11:00,medicore-db,CPUUtilization,19.49,Percent,,OK
12/08/2026 12:00,MediCore-Web-VM-01,CPUUtilization,30.44,Percent,,OK
12/08/2026 12:00,MediCore-Web-VM-01,NetworkIn,12469553,Bytes,High-NetworkIn-WebVM,ALARM
12/08/2026 12:00,MediCore-Web-VM-01,NetworkOut,2826624,Bytes,,OK
12/08/2026 12:00,MediCore-Web-VM-01,FailedSSHAttempts,0,Count,,OK
12/08/2026 12:00,medicore-db,CPUUtilization,22.82,Percent,,OK
12/08/2026 13:00,MediCore-Web-VM-01,CPUUtilization,25.73,Percent,,OK
12/08/2026 13:00,MediCore-Web-VM-01,NetworkIn,3876441,Bytes,,OK
12/08/2026 13:00,MediCore-Web-VM-01,NetworkOut,2023114,Bytes,,OK
12/08/2026 13:00,MediCore-Web-VM-01,FailedSSHAttempts,0,Count,,OK
12/08/2026 13:00,medicore-db,CPUUtilization,21.67,Percent,,OK
12/08/2026 14:00,MediCore-Web-VM-01,CPUUtilization,23.06,Percent,,OK
12/08/2026 14:00,MediCore-Web-VM-01,NetworkIn,4374080,Bytes,,OK
12/08/2026 14:00,MediCore-Web-VM-01,NetworkOut,3034683,Bytes,,OK
12/08/2026 14:00,MediCore-Web-VM-01,FailedSSHAttempts,0,Count,,OK
12/08/2026 14:00,medicore-db,CPUUtilization,15.6,Percent,,OK
12/08/2026 15:00,MediCore-Web-VM-01,CPUUtilization,14.45,Percent,,OK
12/08/2026 15:00,MediCore-Web-VM-01,NetworkIn,3854090,Bytes,,OK
12/08/2026 15:00,MediCore-Web-VM-01,NetworkOut,2564943,Bytes,,OK
12/08/2026 15:00,MediCore-Web-VM-01,FailedSSHAttempts,0,Count,,OK
12/08/2026 15:00,medicore-db,CPUUtilization,21.22,Percent,,OK
12/08/2026 16:00,MediCore-Web-VM-01,CPUUtilization,18.14,Percent,,OK
12/08/2026 16:00,MediCore-Web-VM-01,NetworkIn,2272032,Bytes,,OK
12/08/2026 16:00,MediCore-Web-VM-01,NetworkOut,3277375,Bytes,,OK
12/08/2026 16:00,MediCore-Web-VM-01,FailedSSHAttempts,0,Count,,OK
12/08/2026 16:00,medicore-db,CPUUtilization,16.76,Percent,,OK
12/08/2026 17:00,MediCore-Web-VM-01,CPUUtilization,13.04,Percent,,OK
12/08/2026 17:00,MediCore-Web-VM-01,NetworkIn,5148103,Bytes,,OK
12/08/2026 17:00,MediCore-Web-VM-01,NetworkOut,15613105,Bytes,High-NetworkOut-WebVM,ALARM
12/08/2026 17:00,MediCore-Web-VM-01,FailedSSHAttempts,1,Count,,OK
12/08/2026 17:00,medicore-db,CPUUtilization,15.67,Percent,,OK
12/08/2026 18:00,MediCore-Web-VM-01,CPUUtilization,22.21,Percent,,OK
12/08/2026 18:00,MediCore-Web-VM-01,NetworkIn,3488125,Bytes,,OK
12/08/2026 18:00,MediCore-Web-VM-01,NetworkOut,3438855,Bytes,,OK
12/08/2026 18:00,MediCore-Web-VM-01,FailedSSHAttempts,0,Count,,OK
12/08/2026 18:00,medicore-db,CPUUtilization,16.46,Percent,,OK
12/08/2026 19:00,MediCore-Web-VM-01,CPUUtilization,3.71,Percent,,OK
12/08/2026 19:00,MediCore-Web-VM-01,NetworkIn,2482088,Bytes,,OK
12/08/2026 19:00,MediCore-Web-VM-01,NetworkOut,776769,Bytes,,OK
12/08/2026 19:00,MediCore-Web-VM-01,FailedSSHAttempts,2,Count,,OK
12/08/2026 19:00,medicore-db,CPUUtilization,6.66,Percent,,OK
12/08/2026 20:00,MediCore-Web-VM-01,CPUUtilization,1,Percent,,OK
12/08/2026 20:00,MediCore-Web-VM-01,NetworkIn,0,Bytes,,OK
12/08/2026 20:00,MediCore-Web-VM-01,NetworkOut,258333,Bytes,,OK
12/08/2026 20:00,MediCore-Web-VM-01,FailedSSHAttempts,0,Count,,OK
12/08/2026 20:00,medicore-db,CPUUtilization,6.52,Percent,,OK
12/08/2026 21:00,MediCore-Web-VM-01,CPUUtilization,2.37,Percent,,OK
12/08/2026 21:00,MediCore-Web-VM-01,NetworkIn,958130,Bytes,,OK
12/08/2026 21:00,MediCore-Web-VM-01,NetworkOut,986391,Bytes,,OK
12/08/2026 21:00,MediCore-Web-VM-01,FailedSSHAttempts,1,Count,,OK
12/08/2026 21:00,medicore-db,CPUUtilization,9.69,Percent,,OK
12/08/2026 22:00,MediCore-Web-VM-01,CPUUtilization,13.18,Percent,,OK
12/08/2026 22:00,MediCore-Web-VM-01,NetworkIn,2228574,Bytes,,OK
12/08/2026 22:00,MediCore-Web-VM-01,NetworkOut,0,Bytes,,OK
12/08/2026 22:00,MediCore-Web-VM-01,FailedSSHAttempts,0,Count,,OK
12/08/2026 22:00,medicore-db,CPUUtilization,6.15,Percent,,OK
12/08/2026 23:00,MediCore-Web-VM-01,CPUUtilization,2.91,Percent,,OK
12/08/2026 23:00,MediCore-Web-VM-01,NetworkIn,1612956,Bytes,,OK
12/08/2026 23:00,MediCore-Web-VM-01,NetworkOut,771713,Bytes,,OK
12/08/2026 23:00,MediCore-Web-VM-01,FailedSSHAttempts,0,Count,,OK
12/08/2026 23:00,medicore-db,CPUUtilization,6.16,Percent,,OK
13/08/2026 00:00,MediCore-Web-VM-01,CPUUtilization,14.99,Percent,,OK
13/08/2026 00:00,MediCore-Web-VM-01,NetworkIn,261563,Bytes,,OK
13/08/2026 00:00,MediCore-Web-VM-01,NetworkOut,740279,Bytes,,OK
13/08/2026 00:00,MediCore-Web-VM-01,FailedSSHAttempts,0,Count,,OK
13/08/2026 00:00,medicore-db,CPUUtilization,10.1,Percent,,OK
13/08/2026 01:00,MediCore-Web-VM-01,CPUUtilization,14.52,Percent,,OK
13/08/2026 01:00,MediCore-Web-VM-01,NetworkIn,1846568,Bytes,,OK
13/08/2026 01:00,MediCore-Web-VM-01,NetworkOut,635398,Bytes,,OK
13/08/2026 01:00,MediCore-Web-VM-01,FailedSSHAttempts,3,Count,Failed-SSH-Attempts,ALARM
13/08/2026 01:00,medicore-db,CPUUtilization,6.86,Percent,,OK
13/08/2026 02:00,MediCore-Web-VM-01,CPUUtilization,15.48,Percent,,OK
13/08/2026 02:00,MediCore-Web-VM-01,NetworkIn,3079259,Bytes,,OK
13/08/2026 02:00,MediCore-Web-VM-01,NetworkOut,1303584,Bytes,,OK
13/08/2026 02:00,MediCore-Web-VM-01,FailedSSHAttempts,1,Count,,OK
13/08/2026 02:00,medicore-db,CPUUtilization,6.49,Percent,,OK
13/08/2026 03:00,MediCore-Web-VM-01,CPUUtilization,26.75,Percent,,OK
13/08/2026 03:00,MediCore-Web-VM-01,NetworkIn,17338874,Bytes,High-NetworkIn-WebVM,ALARM
13/08/2026 03:00,MediCore-Web-VM-01,NetworkOut,136021,Bytes,,OK
13/08/2026 03:00,MediCore-Web-VM-01,FailedSSHAttempts,0,Count,,OK
13/08/2026 03:00,medicore-db,CPUUtilization,10.79,Percent,,OK
13/08/2026 04:00,MediCore-Web-VM-01,CPUUtilization,17.7,Percent,,OK
13/08/2026 04:00,MediCore-Web-VM-01,NetworkIn,1261024,Bytes,,OK
13/08/2026 04:00,MediCore-Web-VM-01,NetworkOut,866591,Bytes,,OK
13/08/2026 04:00,MediCore-Web-VM-01,FailedSSHAttempts,2,Count,,OK
13/08/2026 04:00,medicore-db,CPUUtilization,11.72,Percent,,OK
13/08/2026 05:00,MediCore-Web-VM-01,CPUUtilization,17.99,Percent,,OK
13/08/2026 05:00,MediCore-Web-VM-01,NetworkIn,2273102,Bytes,,OK
13/08/2026 05:00,MediCore-Web-VM-01,NetworkOut,1506368,Bytes,,OK
13/08/2026 05:00,MediCore-Web-VM-01,FailedSSHAttempts,3,Count,Failed-SSH-Attempts,ALARM
13/08/2026 05:00,medicore-db,CPUUtilization,15.97,Percent,,OK
13/08/2026 06:00,MediCore-Web-VM-01,CPUUtilization,18.65,Percent,,OK
13/08/2026 06:00,MediCore-Web-VM-01,NetworkIn,772872,Bytes,,OK
13/08/2026 06:00,MediCore-Web-VM-01,NetworkOut,6706436,Bytes,,OK
13/08/2026 06:00,MediCore-Web-VM-01,FailedSSHAttempts,1,Count,,OK
13/08/2026 06:00,medicore-db,CPUUtilization,4.52,Percent,,OK
13/08/2026 07:00,MediCore-Web-VM-01,CPUUtilization,27.89,Percent,,OK
13/08/2026 07:00,MediCore-Web-VM-01,NetworkIn,26299897,Bytes,High-NetworkIn-WebVM,ALARM
13/08/2026 07:00,MediCore-Web-VM-01,NetworkOut,1232319,Bytes,,OK
13/08/2026 07:00,MediCore-Web-VM-01,FailedSSHAttempts,0,Count,,OK
13/08/2026 07:00,medicore-db,CPUUtilization,5.84,Percent,,OK
13/08/2026 08:00,MediCore-Web-VM-01,CPUUtilization,37.82,Percent,,OK
13/08/2026 08:00,MediCore-Web-VM-01,NetworkIn,3447912,Bytes,,OK
13/08/2026 08:00,MediCore-Web-VM-01,NetworkOut,3686702,Bytes,,OK
13/08/2026 08:00,MediCore-Web-VM-01,FailedSSHAttempts,1,Count,,OK
13/08/2026 08:00,medicore-db,CPUUtilization,17.73,Percent,,OK
13/08/2026 09:00,MediCore-Web-VM-01,CPUUtilization,30.77,Percent,,OK
13/08/2026 09:00,MediCore-Web-VM-01,NetworkIn,4206490,Bytes,,OK
13/08/2026 09:00,MediCore-Web-VM-01,NetworkOut,2400754,Bytes,,OK
13/08/2026 09:00,MediCore-Web-VM-01,FailedSSHAttempts,12,Count,Failed-SSH-Attempts,ALARM
13/08/2026 09:00,medicore-db,CPUUtilization,19.25,Percent,,OK
13/08/2026 10:00,MediCore-Web-VM-01,CPUUtilization,38.04,Percent,,OK
13/08/2026 10:00,MediCore-Web-VM-01,NetworkIn,5274610,Bytes,,OK
13/08/2026 10:00,MediCore-Web-VM-01,NetworkOut,3215649,Bytes,,OK
13/08/2026 10:00,MediCore-Web-VM-01,FailedSSHAttempts,0,Count,,OK
13/08/2026 10:00,medicore-db,CPUUtilization,17.32,Percent,,OK
13/08/2026 11:00,MediCore-Web-VM-01,CPUUtilization,19.87,Percent,,OK
13/08/2026 11:00,MediCore-Web-VM-01,NetworkIn,4558843,Bytes,,OK
13/08/2026 11:00,MediCore-Web-VM-01,NetworkOut,3087786,Bytes,,OK
13/08/2026 11:00,MediCore-Web-VM-01,FailedSSHAttempts,1,Count,,OK
13/08/2026 11:00,medicore-db,CPUUtilization,15.24,Percent,,OK
13/08/2026 12:00,MediCore-Web-VM-01,CPUUtilization,31.33,Percent,,OK
13/08/2026 12:00,MediCore-Web-VM-01,NetworkIn,4888008,Bytes,,OK
13/08/2026 12:00,MediCore-Web-VM-01,NetworkOut,3245706,Bytes,,OK
13/08/2026 12:00,MediCore-Web-VM-01,FailedSSHAttempts,16,Count,Failed-SSH-Attempts,ALARM
13/08/2026 12:00,medicore-db,CPUUtilization,17.23,Percent,,OK
13/08/2026 13:00,MediCore-Web-VM-01,CPUUtilization,27.88,Percent,,OK
13/08/2026 13:00,MediCore-Web-VM-01,NetworkIn,3984207,Bytes,,OK
13/08/2026 13:00,MediCore-Web-VM-01,NetworkOut,3678397,Bytes,,OK
13/08/2026 13:00,MediCore-Web-VM-01,FailedSSHAttempts,0,Count,,OK
13/08/2026 13:00,medicore-db,CPUUtilization,13,Percent,,OK
13/08/2026 14:00,MediCore-Web-VM-01,CPUUtilization,15.09,Percent,,OK
13/08/2026 14:00,MediCore-Web-VM-01,NetworkIn,4589573,Bytes,,OK
13/08/2026 14:00,MediCore-Web-VM-01,NetworkOut,3302487,Bytes,,OK
13/08/2026 14:00,MediCore-Web-VM-01,FailedSSHAttempts,1,Count,,OK
13/08/2026 14:00,medicore-db,CPUUtilization,19.2,Percent,,OK
13/08/2026 15:00,MediCore-Web-VM-01,CPUUtilization,8.63,Percent,,OK
13/08/2026 15:00,MediCore-Web-VM-01,NetworkIn,4877565,Bytes,,OK
13/08/2026 15:00,MediCore-Web-VM-01,NetworkOut,3038897,Bytes,,OK
13/08/2026 15:00,MediCore-Web-VM-01,FailedSSHAttempts,0,Count,,OK
13/08/2026 15:00,medicore-db,CPUUtilization,12.82,Percent,,OK
13/08/2026 16:00,MediCore-Web-VM-01,CPUUtilization,17.25,Percent,,OK
13/08/2026 16:00,MediCore-Web-VM-01,NetworkIn,4160172,Bytes,,OK
13/08/2026 16:00,MediCore-Web-VM-01,NetworkOut,2501926,Bytes,,OK
13/08/2026 16:00,MediCore-Web-VM-01,FailedSSHAttempts,0,Count,,OK
13/08/2026 16:00,medicore-db,CPUUtilization,16.79,Percent,,OK
13/08/2026 17:00,MediCore-Web-VM-01,CPUUtilization,16.59,Percent,,OK
13/08/2026 17:00,MediCore-Web-VM-01,NetworkIn,3508421,Bytes,,OK
13/08/2026 17:00,MediCore-Web-VM-01,NetworkOut,2901175,Bytes,,OK
13/08/2026 17:00,MediCore-Web-VM-01,FailedSSHAttempts,0,Count,,OK
13/08/2026 17:00,medicore-db,CPUUtilization,18.04,Percent,,OK
13/08/2026 18:00,MediCore-Web-VM-01,CPUUtilization,18.78,Percent,,OK
13/08/2026 18:00,MediCore-Web-VM-01,NetworkIn,4846214,Bytes,,OK
13/08/2026 18:00,MediCore-Web-VM-01,NetworkOut,3510524,Bytes,,OK
13/08/2026 18:00,MediCore-Web-VM-01,FailedSSHAttempts,0,Count,,OK
13/08/2026 18:00,medicore-db,CPUUtilization,11.9,Percent,,OK
13/08/2026 19:00,MediCore-Web-VM-01,CPUUtilization,1,Percent,,OK
13/08/2026 19:00,MediCore-Web-VM-01,NetworkIn,628021,Bytes,,OK
13/08/2026 19:00,MediCore-Web-VM-01,NetworkOut,633327,Bytes,,OK
13/08/2026 19:00,MediCore-Web-VM-01,FailedSSHAttempts,1,Count,,OK
13/08/2026 19:00,medicore-db,CPUUtilization,7.41,Percent,,OK
13/08/2026 20:00,MediCore-Web-VM-01,CPUUtilization,6.43,Percent,,OK
13/08/2026 20:00,MediCore-Web-VM-01,NetworkIn,2322037,Bytes,,OK
13/08/2026 20:00,MediCore-Web-VM-01,NetworkOut,868573,Bytes,,OK
13/08/2026 20:00,MediCore-Web-VM-01,FailedSSHAttempts,1,Count,,OK
13/08/2026 20:00,medicore-db,CPUUtilization,9.15,Percent,,OK
13/08/2026 21:00,MediCore-Web-VM-01,CPUUtilization,12.22,Percent,,OK
13/08/2026 21:00,MediCore-Web-VM-01,NetworkIn,1091112,Bytes,,OK
13/08/2026 21:00,MediCore-Web-VM-01,NetworkOut,1451721,Bytes,,OK
13/08/2026 21:00,MediCore-Web-VM-01,FailedSSHAttempts,1,Count,,OK
13/08/2026 21:00,medicore-db,CPUUtilization,10.71,Percent,,OK
13/08/2026 22:00,MediCore-Web-VM-01,CPUUtilization,1,Percent,,OK
13/08/2026 22:00,MediCore-Web-VM-01,NetworkIn,880820,Bytes,,OK
13/08/2026 22:00,MediCore-Web-VM-01,NetworkOut,414309,Bytes,,OK
13/08/2026 22:00,MediCore-Web-VM-01,FailedSSHAttempts,0,Count,,OK
13/08/2026 22:00,medicore-db,CPUUtilization,7.16,Percent,,OK
13/08/2026 23:00,MediCore-Web-VM-01,CPUUtilization,18.86,Percent,,OK
13/08/2026 23:00,MediCore-Web-VM-01,NetworkIn,1617885,Bytes,,OK
13/08/2026 23:00,MediCore-Web-VM-01,NetworkOut,880616,Bytes,,OK
13/08/2026 23:00,MediCore-Web-VM-01,FailedSSHAttempts,1,Count,,OK
13/08/2026 23:00,medicore-db,CPUUtilization,10.07,Percent,,OK
14/08/2026 00:00,MediCore-Web-VM-01,CPUUtilization,2.68,Percent,,OK
14/08/2026 00:00,MediCore-Web-VM-01,NetworkIn,191484,Bytes,,OK
14/08/2026 00:00,MediCore-Web-VM-01,NetworkOut,376424,Bytes,,OK
14/08/2026 00:00,MediCore-Web-VM-01,FailedSSHAttempts,2,Count,,OK
14/08/2026 00:00,medicore-db,CPUUtilization,11.05,Percent,,OK
14/08/2026 01:00,MediCore-Web-VM-01,CPUUtilization,3.96,Percent,,OK
14/08/2026 01:00,MediCore-Web-VM-01,NetworkIn,966039,Bytes,,OK
14/08/2026 01:00,MediCore-Web-VM-01,NetworkOut,1256379,Bytes,,OK
14/08/2026 01:00,MediCore-Web-VM-01,FailedSSHAttempts,1,Count,,OK
14/08/2026 01:00,medicore-db,CPUUtilization,8.95,Percent,,OK
14/08/2026 02:00,MediCore-Web-VM-01,CPUUtilization,16.16,Percent,,OK
14/08/2026 02:00,MediCore-Web-VM-01,NetworkIn,1185391,Bytes,,OK
14/08/2026 02:00,MediCore-Web-VM-01,NetworkOut,28130,Bytes,,OK
14/08/2026 02:00,MediCore-Web-VM-01,FailedSSHAttempts,1,Count,,OK
14/08/2026 02:00,medicore-db,CPUUtilization,10.53,Percent,,OK
14/08/2026 03:00,MediCore-Web-VM-01,CPUUtilization,19.6,Percent,,OK
14/08/2026 03:00,MediCore-Web-VM-01,NetworkIn,1593817,Bytes,,OK
14/08/2026 03:00,MediCore-Web-VM-01,NetworkOut,130314,Bytes,,OK
14/08/2026 03:00,MediCore-Web-VM-01,FailedSSHAttempts,1,Count,,OK
14/08/2026 03:00,medicore-db,CPUUtilization,7.45,Percent,,OK
14/08/2026 04:00,MediCore-Web-VM-01,CPUUtilization,22.02,Percent,,OK
14/08/2026 04:00,MediCore-Web-VM-01,NetworkIn,1355261,Bytes,,OK
14/08/2026 04:00,MediCore-Web-VM-01,NetworkOut,1091160,Bytes,,OK
14/08/2026 04:00,MediCore-Web-VM-01,FailedSSHAttempts,0,Count,,OK
14/08/2026 04:00,medicore-db,CPUUtilization,10.38,Percent,,OK
14/08/2026 05:00,MediCore-Web-VM-01,CPUUtilization,27.12,Percent,,OK
14/08/2026 05:00,MediCore-Web-VM-01,NetworkIn,1836369,Bytes,,OK
14/08/2026 05:00,MediCore-Web-VM-01,NetworkOut,119730,Bytes,,OK
14/08/2026 05:00,MediCore-Web-VM-01,FailedSSHAttempts,0,Count,,OK
14/08/2026 05:00,medicore-db,CPUUtilization,10.35,Percent,,OK
14/08/2026 06:00,MediCore-Web-VM-01,CPUUtilization,26.71,Percent,,OK
14/08/2026 06:00,MediCore-Web-VM-01,NetworkIn,960674,Bytes,,OK
14/08/2026 06:00,MediCore-Web-VM-01,NetworkOut,355242,Bytes,,OK
14/08/2026 06:00,MediCore-Web-VM-01,FailedSSHAttempts,1,Count,,OK
14/08/2026 06:00,medicore-db,CPUUtilization,11.53,Percent,,OK
14/08/2026 07:00,MediCore-Web-VM-01,CPUUtilization,67.27,Percent,,OK
14/08/2026 07:00,MediCore-Web-VM-01,NetworkIn,1262665,Bytes,,OK
14/08/2026 07:00,MediCore-Web-VM-01,NetworkOut,933601,Bytes,,OK
14/08/2026 07:00,MediCore-Web-VM-01,FailedSSHAttempts,0,Count,,OK
14/08/2026 07:00,medicore-db,CPUUtilization,6.41,Percent,,OK
14/08/2026 08:00,MediCore-Web-VM-01,CPUUtilization,71.62,Percent,,OK
14/08/2026 08:00,MediCore-Web-VM-01,NetworkIn,4482426,Bytes,,OK
14/08/2026 08:00,MediCore-Web-VM-01,NetworkOut,3087742,Bytes,,OK
14/08/2026 08:00,MediCore-Web-VM-01,FailedSSHAttempts,0,Count,,OK
14/08/2026 08:00,medicore-db,CPUUtilization,17.34,Percent,,OK
14/08/2026 09:00,MediCore-Web-VM-01,CPUUtilization,34.52,Percent,,OK
14/08/2026 09:00,MediCore-Web-VM-01,NetworkIn,4793973,Bytes,,OK
14/08/2026 09:00,MediCore-Web-VM-01,NetworkOut,2923929,Bytes,,OK
14/08/2026 09:00,MediCore-Web-VM-01,FailedSSHAttempts,0,Count,,OK
14/08/2026 09:00,medicore-db,CPUUtilization,17.74,Percent,,OK
14/08/2026 10:00,MediCore-Web-VM-01,CPUUtilization,27.01,Percent,,OK
14/08/2026 10:00,MediCore-Web-VM-01,NetworkIn,4426079,Bytes,,OK
14/08/2026 10:00,MediCore-Web-VM-01,NetworkOut,3554218,Bytes,,OK
14/08/2026 10:00,MediCore-Web-VM-01,FailedSSHAttempts,0,Count,,OK
14/08/2026 10:00,medicore-db,CPUUtilization,14.05,Percent,,OK
14/08/2026 11:00,MediCore-Web-VM-01,CPUUtilization,36.5,Percent,,OK
14/08/2026 11:00,MediCore-Web-VM-01,NetworkIn,2989773,Bytes,,OK
14/08/2026 11:00,MediCore-Web-VM-01,NetworkOut,2150231,Bytes,,OK
14/08/2026 11:00,MediCore-Web-VM-01,FailedSSHAttempts,0,Count,,OK
14/08/2026 11:00,medicore-db,CPUUtilization,13.78,Percent,,OK
14/08/2026 12:00,MediCore-Web-VM-01,CPUUtilization,31.2,Percent,,OK
14/08/2026 12:00,MediCore-Web-VM-01,NetworkIn,2806708,Bytes,,OK
14/08/2026 12:00,MediCore-Web-VM-01,NetworkOut,3490862,Bytes,,OK
14/08/2026 12:00,MediCore-Web-VM-01,FailedSSHAttempts,1,Count,,OK
14/08/2026 12:00,medicore-db,CPUUtilization,19.59,Percent,,OK
